Mora,Embedding
ミ,"[ 7.42423236e-02  3.33013952e-01 -4.45007503e-01 -3.53794396e-01
  3.53241682e-01  4.91036415e-01  7.57136270e-02 -2.27335706e-01
 -4.84037608e-01 -4.52064663e-01  8.45294595e-01 -2.18999341e-01
 -2.47495964e-01 -4.06511515e-01  5.10720015e-01 -4.67261642e-01
 -5.10722958e-02  4.57729429e-01 -1.21046931e-01  1.79439291e-01
 -4.84062076e-01 -7.45959580e-01  1.28876448e-01  1.34656072e-01
  4.90644217e-01 -5.12213469e-01 -1.98686674e-01  3.60228717e-01
  3.71843576e-02  2.45997563e-01 -5.55836082e-01 -5.25370121e-01
  6.09442890e-02 -4.84636784e-01 -2.14335650e-01  2.29059637e-01
  3.66373152e-01 -1.21843316e-01 -4.63203043e-01 -9.22609642e-02
 -1.49866864e-01 -8.46659616e-02  8.59293342e-03 -4.63705629e-01
 -8.88672322e-02  7.70996869e-01  1.95984036e-01  1.07057162e-01
  7.10903704e-01  2.98181683e-01 -2.14362234e-01  3.70761901e-02
  4.61844474e-01 -3.68460566e-01 -2.01547131e-01 -1.99867755e-01
  1.54650196e-01  1.65023327e-01 -1.73909515e-01  1.93129718e-01
 -6.68719530e-01  2.74164677e-01  2.13516112e-02 -4.05312330e-03
 -1.52782768e-01 -2.49292150e-01  2.39253655e-01  1.20618669e-02
 -4.42158371e-01 -2.29034364e-01 -3.14007968e-01  2.96649430e-02
  1.91665702e-02 -3.40728968e-01  1.01849699e+00 -1.40756533e-01
 -1.80308804e-01  1.69807270e-01  1.29601032e-01  4.68671136e-02
 -5.05264848e-04  3.37519526e-01 -1.84587002e-01 -2.90671706e-01
  2.49306604e-01 -5.59674464e-02 -3.83456975e-01 -5.46740055e-01
  2.02290997e-01 -1.33276552e-01 -5.94511181e-02 -1.52308166e-01
  3.52027744e-01  2.09253147e-01 -4.35045928e-01 -1.66174937e-02
  3.05686295e-01 -1.49750829e-01 -3.52637768e-01 -9.69780311e-02
 -1.44985452e-01 -5.28567433e-01  4.97588515e-01  1.26325309e-01
 -2.02418119e-01 -1.46776229e-01 -4.12344098e-01  3.62920851e-01
 -3.90474647e-02  2.51090318e-01 -4.25520949e-02 -4.22300488e-01
  6.94435984e-02  1.81823507e-01 -1.14675656e-01  3.01071733e-01
  1.63538009e-01  3.40238065e-01 -2.41463780e-01  5.68351567e-01
  1.77794229e-02  8.03743005e-01  1.56241814e-02 -8.92020687e-02
  4.45310473e-02  1.33349314e-01  1.64043605e-01 -6.78279698e-01
 -1.90697253e-01 -2.14286968e-01  1.07160233e-01  2.69152224e-01
 -2.91979015e-01  1.18288562e-01 -4.79934305e-01  5.25717378e-01
 -2.65196979e-01  5.08708775e-01 -2.42032304e-01 -6.15717292e-01
 -2.87671965e-02  5.58363736e-01  2.05306292e-01 -4.60691601e-01
 -2.66857535e-01  1.35268092e-01 -4.60431091e-02 -2.29099944e-01
  5.81548452e-01  7.56122097e-02 -3.73000294e-01  5.34699261e-01
 -5.69463372e-01 -3.47809434e-01 -1.75888427e-02 -1.10333920e-01
 -8.60703290e-01  4.06267792e-02  2.26735190e-01  6.84277117e-01
 -2.66098589e-01 -3.53282928e-01 -4.53867316e-02  4.46647704e-01
  5.66518545e-01  6.92075267e-02  3.34385902e-01 -5.21313906e-01
  1.03222333e-01  5.46256483e-01 -1.69639867e-02  2.45961286e-02
  2.73298532e-01 -3.77461463e-01  5.07508457e-01  1.72220796e-01
 -5.04786335e-03  3.25187743e-02  2.38068998e-01 -4.14058656e-01
  1.27878800e-01 -2.09613904e-01 -1.41411737e-01 -3.01908851e-01
  3.79858851e-01 -6.48094118e-01  1.66855067e-01 -3.18738669e-01
  2.58074850e-02 -2.41073161e-01 -1.59614623e-01 -5.02055407e-01
  5.35334885e-01 -4.81784374e-01 -8.27553272e-02 -6.34893104e-02
 -3.39130536e-02 -3.15808296e-01  5.35363592e-02  4.41880167e-01
  1.20081156e-01  5.44381924e-02 -3.87707889e-01 -8.12238097e-01
 -1.07363725e+00 -9.41321403e-02  4.04683620e-01  4.06284094e-01
  1.67937353e-01  3.64608973e-01 -3.95791471e-01  2.48217389e-01
  1.22046664e-01 -5.87863252e-02 -5.09486310e-02 -5.43970838e-02
 -5.20262480e-01  3.51971313e-02  3.37637693e-01 -6.66489899e-01
  3.64348710e-01 -4.20205086e-01  2.63421714e-01  4.58345264e-01
 -2.69121498e-01  3.72564085e-02 -2.70383991e-02 -3.56306076e-01
  1.57444984e-01  8.76841664e-01 -2.06140369e-01 -7.94132054e-02
 -8.05096149e-01 -9.67162251e-02 -5.28216422e-01  3.26831937e-01
  3.49509045e-02  4.08358157e-01 -1.94251001e-01  2.43327901e-01
  2.00297579e-01 -2.49986604e-01  5.89349233e-02 -5.48470840e-02
 -2.17390358e-01  3.23885024e-01 -1.93938330e-01 -4.53496039e-01
 -2.90350288e-01  3.24875638e-02 -5.58166444e-01 -5.01254976e-01
  4.98437285e-01 -4.26919192e-01  6.21230721e-01  1.41194582e-01
  3.28150243e-01 -8.55705798e-01 -1.67850360e-01 -4.10398960e-01
 -2.08535612e-01 -3.48546386e-01  1.88810408e-01 -3.90668735e-02
  2.11697489e-01 -1.73435658e-01 -2.16150016e-01 -1.16595769e+00
 -3.70345205e-01 -3.94377649e-01  1.24469839e-01 -2.89852411e-01
 -2.15106919e-01 -4.84906510e-02 -1.75157666e-01 -2.69644596e-02
 -1.80041790e-01  3.55797052e-01 -2.22943202e-01  4.25972670e-01
 -1.06495559e+00  5.21410823e-01 -6.85150921e-01  3.19576681e-01
  3.62306722e-02 -1.85467839e-01 -4.08688001e-02 -5.58887720e-01
 -1.23245656e-01  3.71320218e-01  4.38415378e-01 -6.39554739e-01
  1.61589265e-01  4.98046502e-02 -2.15027869e-01  1.67354003e-01
  4.23750967e-01  1.20493351e-02  1.62551165e-01 -2.03977171e-02
  6.10554397e-01  2.55047083e-01  3.52745295e-01 -4.06722218e-01
 -3.52065384e-01 -4.32792693e-01 -5.44685364e-01 -3.80992115e-01
  8.51805568e-01 -1.01247884e-01  1.12915829e-01  9.93890882e-01
 -7.24520624e-01 -1.90769613e-01  4.42141801e-01  2.70833999e-01
 -1.36750460e+00  1.04944386e-01  9.16192904e-02 -2.61221021e-01
 -7.44868144e-02  3.61381620e-01  2.18541995e-01  4.53236759e-01
 -5.69940731e-02 -3.01455140e-01  9.46797431e-01  4.94932979e-01
  1.01196416e-01 -4.94616419e-01  7.34422386e-01 -7.32712597e-02
  9.23794284e-02 -3.40687722e-01 -5.07163644e-01  2.33727977e-01
  3.78738880e-01  1.93988439e-02  2.76572704e-01 -4.66383427e-01
 -9.18539017e-02  1.38175651e-01 -1.00195512e-01  2.19620019e-01
 -4.41470981e-01 -1.12841390e-01  1.90971702e-01  5.16432166e-01
  5.89641273e-01  8.56948137e-01  2.07873926e-01  1.02023579e-01
  7.10278511e-01  3.65752816e-01  6.21780038e-01  1.73499286e-02
  7.41462409e-02  1.08138606e-01  4.71874207e-01 -1.81661434e-02
  2.00167134e-01  7.91335404e-02  5.82419753e-01  2.88779318e-01
  5.80603719e-01 -1.18338116e-01  3.08211744e-01  3.67720336e-01
  3.11020553e-01  7.44745910e-01  4.22631383e-01  1.67268187e-01
 -6.66364908e-01 -1.88687265e-01  3.28811049e-01 -5.55092812e-01
  2.45085042e-02  2.49638051e-01  5.07924259e-01 -2.17396989e-01
 -4.62574005e-01  1.23137221e-01  4.95580405e-01 -1.66694403e-01
 -5.80525100e-01 -3.85321528e-01 -6.15144670e-01 -2.21407875e-01
 -1.30370364e-01 -8.06684017e-01  2.19725087e-01  2.31819779e-01
  3.09191614e-01 -6.11685812e-01 -4.44712788e-02  1.86229065e-01
 -7.23442137e-01  6.42637759e-02 -4.13060367e-01 -5.60136698e-03
 -5.06635547e-01  1.77753940e-01 -1.81488350e-01 -1.44569159e-01
 -3.90764117e-01  1.36625022e-01 -2.09141657e-01  2.50471264e-01
 -2.33423691e-02  4.67454255e-01 -5.92512451e-02  5.04864156e-01
  4.36047018e-02  2.47844368e-01 -2.32167616e-01  8.63143504e-02
 -5.84869444e-01  2.11914033e-01  5.85765064e-01  2.97051877e-01
  2.83654124e-01  3.11886877e-01  4.09939915e-01  1.25858530e-01
 -7.55718946e-02 -2.28030346e-02 -2.38357440e-01 -6.95614338e-01
  7.72762001e-01  2.41087183e-01  1.75628349e-01 -2.75870085e-01
 -1.94778681e-01  1.71097726e-01 -2.21831635e-01 -2.37852857e-01
 -1.72521025e-01  1.36776522e-01  5.56310415e-02  1.37972564e-01
 -1.30101383e-01  9.96376574e-01 -5.13506889e-01  3.20739269e-01
  2.74428695e-01  9.84241143e-02  3.16128612e-01  1.74044907e-01
 -1.56719908e-01 -5.95823228e-02  3.16375077e-01 -1.16029263e-01
 -1.66062728e-01 -3.22009593e-01  1.84481114e-01  2.44755708e-02
  1.88332051e-01  6.10890567e-01  3.07016581e-01 -1.92546155e-02
 -6.01187646e-01 -5.48551977e-01 -4.15876597e-01 -3.05993408e-01
 -4.01437283e-01  3.44080567e-01  3.20116222e-01 -4.11256760e-01
  1.97402295e-02 -2.93632269e-01 -6.76690757e-01 -4.33960646e-01
 -3.12206805e-01 -6.72766119e-02 -1.18983954e-01  9.73155916e-01
  5.64928114e-01  1.74380764e-01 -7.07130730e-01  5.37869573e-01
 -1.16248921e-01  5.90359457e-02  2.87599176e-01 -2.94951331e-02
 -8.40926617e-02 -1.31891206e-01  6.26690164e-02  1.96051419e-01
  3.06307763e-01  6.13113344e-01 -1.18480369e-01 -5.47421217e-01
  1.62134081e-01  1.77063495e-01  4.55133989e-02 -3.78337979e-01
  7.20015407e-01  2.40839168e-01 -3.13424945e-01 -4.04907405e-01
 -2.42051423e-01 -2.74721861e-01  2.39325389e-01 -7.90289581e-01
 -1.17817618e-01 -3.76886517e-01  1.41250238e-01  2.91950762e-01
  5.78804255e-01 -4.68104571e-01  3.12605172e-01  3.79568726e-01
  6.73648655e-01 -4.40080464e-01  2.53299892e-01 -2.48814002e-01
 -2.78660655e-01 -1.10345133e-01  4.37518984e-01 -3.15853208e-01
  4.01450038e-01 -7.25163162e-01 -5.30206680e-01 -5.45035660e-01
  1.90645061e-03 -9.64061737e-01  6.83224916e-01  2.75597628e-02
  3.57634246e-01 -4.71864194e-01  4.17783260e-01 -1.14519924e-01
  7.03534707e-02  5.73433399e-01 -5.26344590e-02 -1.65246859e-01
 -9.86551762e-01  3.17430466e-01 -5.73950224e-02 -5.57749093e-01
  4.65045482e-01  8.04203153e-01 -1.55700341e-01 -5.09685814e-01
  1.11478306e-01 -3.03948633e-02 -4.26159054e-01 -2.41144001e-01
 -5.60891211e-01  1.55739769e-01  5.14921486e-01  1.04004271e-01
  3.24483305e-01 -1.32340416e-01 -4.04643297e-01 -3.23111296e-01
  3.47228587e-01  3.96938354e-01  4.46506739e-01 -3.42442002e-03
  2.18452841e-01  1.46786466e-01 -2.77541131e-01  2.26918831e-02
  1.80734172e-02  7.48359203e-01  1.14572994e-01  7.96039045e-01
  6.04755640e-01 -4.95291024e-01  5.49424887e-01  8.89949262e-01
  2.52788484e-01  2.70490736e-01 -3.13534230e-01  4.29081768e-02
 -7.73070991e-01  5.63927650e-01  7.45647103e-02  3.79545927e-01
 -3.60505679e-03 -1.98209554e-01 -6.61925152e-02 -3.75368387e-01
 -6.45017087e-01  5.76977804e-02  3.50968391e-01  3.35906208e-01
 -1.19044282e-01  3.16788554e-01  4.20781285e-01  2.22515538e-01
 -2.18634605e-01 -2.40821913e-01  9.86327231e-02  1.49684250e-01
  7.01351941e-01 -2.93946825e-02  3.24442953e-01 -1.37507260e-01
 -9.95602489e-01 -2.54660428e-01  1.00977398e-01 -6.74589798e-02
  6.11595452e-01 -7.99112692e-02 -1.62564337e-01  2.34201506e-01
 -1.64591759e-01  5.73362827e-01 -1.87115267e-01 -1.02440476e+00
 -8.41650069e-02  2.27720112e-01 -1.19817279e-01  2.38717091e-03
 -7.15970919e-02  5.76652586e-01  1.18711844e-01 -3.63526940e-01
  1.36580765e-01  7.75307536e-01  1.52139485e-01 -2.62462497e-01
  3.13081928e-02 -4.34151851e-02 -3.72900724e-01  2.90948153e-02
 -1.90029234e-01 -6.39723659e-01 -1.48301393e-01  1.86671823e-01
  1.34635121e-01  8.74330029e-02  1.55172553e-02  2.68882304e-01
 -4.46039028e-02  3.07602733e-01 -7.45626763e-02 -6.71100557e-01
 -1.34620503e-01  5.03876626e-01 -3.14647585e-01 -2.61924062e-02
  8.46107975e-02  2.17937939e-02  5.83756901e-02 -6.90358430e-02
 -3.55392992e-01  2.40287453e-01 -6.28734171e-01  5.14443219e-01
 -4.29500431e-01 -3.81317377e-01  3.33360761e-01 -8.71657114e-03
 -6.29447460e-01 -6.34435356e-01  1.17953904e-02  6.52396619e-01
  2.30547279e-01 -3.06279898e-01  4.66800570e-01 -4.44105923e-01
  5.25640786e-01  3.48789781e-01 -2.11850852e-01  3.21791582e-02
 -1.02652788e+01 -3.39771837e-01 -6.46966338e-01 -1.56697389e-02
 -5.08443117e-01  1.73341408e-01  6.59604788e-01  4.55318727e-02
 -2.70138770e-01 -2.90987734e-02  8.02837253e-01  3.65273863e-01
  4.64607596e-01  7.51393914e-01 -5.52651167e-01 -4.06506598e-01
 -1.17004693e-01 -3.60957235e-01 -1.06981762e-01  4.77945469e-02
  4.18446720e-01 -1.02226809e-01  8.90510023e-01  4.77902353e-01
 -6.45456970e-01 -4.25428569e-01 -8.27508211e-01  3.96452338e-01
  1.43816680e-01  2.13838473e-01 -6.96830094e-01  4.15975511e-01
  1.02641284e-01  2.53643870e-01 -4.90588814e-01 -8.94505382e-02
 -5.11143327e-01  2.73150712e-01  3.84169728e-01  6.05420291e-01
 -1.98754758e-01  3.32836270e-01  2.53222853e-01  4.39464211e-01
  3.59343067e-02  1.50391743e-01  1.73252940e-01  4.13628131e-01
  4.00794357e-01  7.50706345e-02  2.37694383e-01 -1.54912740e-01
  5.20410120e-01 -6.07761554e-02  1.06993504e-01  6.27637267e-01
  6.55463398e-01 -2.89872587e-01 -4.86083031e-01 -2.92883720e-02
  2.93737561e-01 -4.05725181e-01  7.81071484e-01  4.15384680e-01
 -4.14174609e-02  1.32912636e-01  3.58876228e-01  6.49299741e-01
 -6.62024915e-01 -8.63748938e-02  2.29597777e-01  1.73898846e-01
  1.56104043e-01 -1.82809278e-01 -6.99795961e-01  3.36148024e-01
 -5.18446445e-01 -7.20517663e-03  7.58055300e-02  1.51871964e-01
  5.23954928e-01 -7.71982372e-02 -5.08184791e-01  8.94954577e-02
 -9.78924692e-01  2.62583822e-01 -1.46838695e-01  7.90006816e-02
  3.53286386e-01 -4.69440669e-01  3.41636986e-01 -5.07961512e-01
 -3.92924815e-01  5.83199322e-01  2.94262916e-01  4.84435223e-02
  6.67645931e-01  3.81081194e-01  6.12528086e-01  1.61417037e-01]"
ン,"[ 3.17613687e-03 -6.07978404e-02  8.68006200e-02 -6.61807656e-01
  1.11189066e-02  3.26512426e-01  1.91664413e-01 -4.04566735e-01
 -4.29208189e-01 -4.08304513e-01  5.46361029e-01  2.07058281e-01
 -3.82692397e-01  6.25517517e-02  7.95114398e-01 -4.42884237e-01
  3.12596262e-01  3.43851298e-01 -5.23972958e-02  5.17843142e-02
  9.78624746e-02 -5.57179034e-01 -2.74719983e-01  4.72691730e-02
 -4.59600277e-02 -3.68633270e-01  2.24446252e-01 -8.23124871e-02
  9.83265489e-02 -2.37664342e-01  1.59143001e-01 -4.42582101e-01
 -8.01399499e-02 -2.66500235e-01 -3.09830289e-02  1.08848056e-02
 -6.90804943e-02  2.67906427e-01  2.06370443e-01  1.93275303e-01
  1.47970796e-01  7.63707468e-03  1.94862664e-01 -1.71204269e-01
 -5.28566688e-02  1.62715256e-01 -8.94470736e-02  1.00410804e-01
  5.91101348e-01 -2.88962901e-01  1.37422949e-01  5.50191760e-01
  4.75078493e-01  1.71626002e-01 -6.01437613e-02  3.18500221e-01
  8.22449863e-01 -5.57417631e-01 -1.14977181e-01  1.27614051e-01
 -5.70630729e-01  2.01447353e-01 -3.59570861e-01  2.33215570e-01
 -2.31568545e-01  1.06435306e-01  3.59065235e-02 -1.41760200e-01
 -3.78113747e-01 -3.54009688e-01 -2.74864323e-02  4.02396023e-01
 -6.04655266e-01 -3.35921586e-01  5.04861295e-01 -1.39341205e-01
  3.97652686e-01 -1.79454118e-01  2.27434691e-02  1.81479022e-01
 -1.18774094e-01  2.26871729e-01 -9.03581604e-02 -6.76216125e-01
  5.69993667e-02  2.46051811e-02 -2.30012953e-01 -5.12059629e-01
  1.24878541e-01 -4.49353546e-01 -1.13327712e-01 -2.07393631e-01
  3.07430148e-01  1.45306038e-02 -1.84143722e-01  1.83727786e-01
 -6.20439947e-02 -2.28585601e-01 -8.33185613e-02 -1.28377341e-02
 -4.64905530e-01  2.86150634e-01  1.15068398e-01  1.07643448e-01
  5.51507473e-02  1.07568718e-01 -1.80956811e-01  3.81249785e-01
 -1.39119878e-01  4.46294099e-01  2.86272138e-01 -2.63554543e-01
 -2.67962813e-01  5.20831123e-02 -1.24907292e-01  2.64774775e-03
  2.67717317e-02  2.46902078e-01  3.02001107e-02  3.71081442e-01
 -1.09858617e-01  4.69937414e-01  5.87188080e-03 -6.16717003e-02
 -2.28099138e-01 -1.40672177e-01  7.04468787e-02 -3.09187949e-01
 -7.20217265e-03 -3.81282210e-01  1.61726072e-01 -4.14503291e-02
 -5.85693121e-01  2.54744262e-01 -1.13806263e-01  4.81149107e-01
  1.30574569e-01  7.83994868e-02 -3.91741931e-01 -5.68801582e-01
 -3.19120549e-02 -2.43827060e-01  3.64306957e-01  9.48860645e-02
 -1.71864644e-01  2.71617740e-01  3.19801271e-01  1.31136999e-01
  7.37638891e-01  5.04436970e-01 -2.00155348e-01  7.39304841e-01
 -4.96624589e-01 -5.09211002e-03  2.59334475e-01 -1.62421137e-01
 -4.99266744e-01  4.15181309e-01 -1.08698241e-01  6.08009756e-01
  1.55262813e-01 -3.18141460e-01  2.96795756e-01  8.42025757e-01
  1.29516676e-01  7.17563033e-01  3.21345001e-01  4.22184765e-01
  6.05125904e-01  5.96647143e-01 -1.65656701e-01  5.46399534e-01
  3.13374668e-01 -3.28739911e-01  2.96329826e-01  5.74971503e-03
  3.74555811e-02  5.07695258e-01  1.68163180e-01 -9.26605403e-01
 -1.95722863e-01  1.94184914e-01  5.22578396e-02 -4.19142753e-01
  7.75595307e-01  6.69464469e-03  5.30292153e-01  2.60510147e-01
 -6.96816519e-02 -1.84170589e-01 -3.72766554e-02 -9.85671952e-03
  2.62230158e-01 -4.05326307e-01 -5.70496500e-01 -1.91451058e-01
  9.44606438e-02  5.08277006e-02 -4.83355403e-01  4.18068171e-01
  3.13399851e-01 -3.69711295e-02 -2.73024946e-01 -8.95397723e-01
 -8.14264417e-01 -2.51998007e-01 -1.53145298e-01  2.97361761e-01
  1.47576453e-02  9.84799936e-02 -2.79979825e-01 -3.44386131e-01
  3.40916514e-01  6.03276640e-02  2.96489507e-01 -5.70669658e-02
 -9.99072969e-01  2.38197539e-02  4.89080735e-02 -3.46764252e-02
  1.86461926e-01  1.58124045e-02  2.86242902e-01 -5.11531234e-01
 -2.33803719e-01  1.35309905e-01  1.60846829e-01 -2.10655406e-01
  1.54798746e-01  5.37417233e-01 -6.63324967e-02 -1.90049887e-01
 -8.29337060e-01  2.21803054e-01 -4.50445712e-02  4.05446231e-01
 -6.59997702e-01  6.99217796e-01  1.81041267e-02 -2.42955773e-03
  5.48265994e-01  3.27879101e-01  1.13901928e-01  2.34907120e-01
 -3.64142329e-01  3.44855964e-01  1.52600616e-01 -4.32588935e-01
 -6.53170884e-01 -5.37963450e-01 -9.27617610e-01 -3.59889865e-01
 -8.56102630e-02  1.10338099e-01  4.77373540e-01  9.74730402e-02
  2.28224918e-01 -4.77896720e-01  1.22330181e-01 -3.65375876e-01
 -3.75363022e-01 -4.72373843e-01 -2.52517253e-01  3.11940946e-02
 -1.93095580e-01 -2.20293105e-01  8.52293335e-03 -5.55094838e-01
 -7.38495648e-01  1.60837919e-01  7.88786188e-02 -3.68390322e-01
 -4.11453336e-01  6.41935840e-02 -1.21346146e-01 -3.29597801e-01
 -1.12583721e-02  2.54391462e-01 -3.79724205e-01 -2.08807196e-02
 -6.49289191e-01  6.13862753e-01 -6.30755723e-01 -3.39933723e-01
 -1.04494296e-01  1.66841224e-02 -1.44660562e-01 -4.67879236e-01
 -1.89699382e-01  7.63560593e-01  2.99068868e-01 -1.38578862e-01
 -3.64135116e-01 -4.97943729e-01 -5.78303158e-01  4.36944693e-01
  4.17651296e-01  1.07447378e-01  8.78961757e-02  4.02312696e-01
  5.33405006e-01  1.97818547e-01  2.84468293e-01 -1.84748411e-01
 -2.36684322e-01 -2.72533864e-01 -1.30634427e-01  6.27033412e-02
  4.48220760e-01 -3.05838406e-01 -1.22567318e-01  9.93842244e-01
 -4.59341526e-01 -3.65406692e-01  7.31888354e-01 -6.70155808e-02
 -1.39971960e+00  2.08987743e-01  4.64135826e-01  3.39649886e-01
 -4.81524795e-01  7.12354779e-01  1.87801823e-01  5.76931000e-01
 -2.34410152e-01 -4.89848614e-01  5.67231834e-01 -1.24762781e-01
 -4.13682163e-01  4.25400406e-01  1.54349640e-01 -5.03200829e-01
 -8.71274900e-03 -4.59089309e-01 -2.12643519e-01  4.48241919e-01
 -1.86276466e-01 -2.74078120e-02  1.12516331e-02 -4.01343137e-01
 -2.44004950e-01  3.09017986e-01 -1.48792658e-02 -5.37410796e-01
 -5.53410411e-01 -2.89433151e-01  3.39350790e-01  1.05810380e+00
  1.44974336e-01  6.22008622e-01 -4.68728423e-01  4.52818841e-01
  3.88497591e-01  1.07368588e-01  5.57179749e-01  2.76418477e-01
 -2.42470354e-01 -2.15807959e-01  5.62711298e-01  4.15305495e-01
  1.06074534e-01 -4.43860218e-02  1.33653417e-01  6.35653511e-02
  1.82625905e-01 -1.05584092e-01  6.50277615e-01 -1.41808420e-01
  3.53652328e-01  5.14618933e-01  2.33099461e-01 -9.00570750e-02
  7.81622529e-02 -4.57689911e-01  1.09429002e-01 -8.40636492e-01
  5.04574835e-01 -2.83449870e-02 -2.18085330e-02 -5.20893447e-02
 -1.03149295e-01 -4.37160015e-01 -1.79494787e-02 -1.39989480e-01
  2.67539263e-01 -5.08157313e-01 -5.33895075e-01  1.07774056e-01
 -6.89213574e-02 -2.83149242e-01  1.71120137e-01  3.12902868e-01
  4.28791821e-01 -5.32688439e-01 -4.09486890e-01  7.73353815e-01
  1.62159633e-02 -7.25411298e-03  5.61429620e-01  1.17548563e-01
 -7.60221034e-02 -2.11329386e-01 -4.42888379e-01 -2.04645008e-01
 -7.78024912e-01 -3.56423646e-01 -4.52841729e-01  2.16080964e-01
  2.36276343e-01  3.22584599e-01 -1.11663848e-01 -4.70034219e-02
  7.03728721e-02  1.37324661e-01 -6.32245988e-02 -6.52181864e-01
  2.31035039e-01 -1.59226939e-01  5.89680910e-01  8.06764603e-01
  1.58732638e-01 -2.73249149e-01 -1.71576813e-01  2.11646900e-01
  2.31354371e-01  1.23028457e-01 -6.48590446e-01  1.93797164e-02
  5.92741907e-01 -9.51088667e-02 -2.24315897e-01  1.12371504e-01
  3.11464936e-01  4.61230457e-01 -2.76660681e-01 -3.82485032e-01
 -3.53952907e-02  3.31824541e-01 -5.21954633e-02  3.87284011e-01
  9.41041410e-02  1.02863395e+00  2.51859516e-01 -7.52753988e-02
  2.33967155e-01 -3.08179170e-01 -7.24743828e-02 -2.20114797e-01
  2.93157399e-01  1.90492213e-01  9.27618966e-02  5.09248078e-01
  1.10045530e-01 -3.63772511e-01 -2.76042730e-01 -8.28023702e-02
  3.29618990e-01  1.68551907e-01  9.73466262e-02  2.86636442e-01
 -5.14961481e-01 -3.74912634e-03 -3.45947295e-01 -4.57727015e-01
 -1.33094743e-01  1.08476266e-01  6.00565195e-01  1.60536230e-01
  5.43937564e-01 -5.33170700e-01 -3.25734526e-01 -3.71145517e-01
 -4.54083532e-01 -1.34091273e-01 -2.62034595e-01  2.08984196e-01
  1.86641410e-01  1.43626943e-01 -4.56720203e-01 -3.66131932e-01
 -8.83623958e-02  3.65077525e-01  2.15740874e-02 -1.00308716e+00
 -4.10585403e-01  6.31158948e-01 -1.84855133e-01 -3.69897455e-01
  1.03659995e-01  2.36632690e-01  1.72609523e-01 -2.16003954e-01
 -2.13409830e-02 -1.68961227e-01  3.04128975e-01 -1.61232110e-02
  4.92134273e-01 -9.64426622e-02 -2.04459786e-01 -3.32964689e-01
  5.66480383e-02 -2.57824510e-01 -3.34034473e-01 -5.72498620e-01
 -3.06880534e-01 -4.57549095e-02  1.79456457e-01  1.16783254e-01
  4.51031655e-01 -2.44654551e-01  4.98524696e-01  3.15715522e-02
  1.46785304e-01 -9.06953961e-02  2.86881000e-01 -2.87588745e-01
 -1.96511522e-01 -1.93210766e-01  5.32663286e-01  2.68179744e-01
  3.17699850e-01 -2.00333640e-01 -5.33043921e-01 -1.28149822e-01
 -2.39200979e-01 -5.19485593e-01  5.82714915e-01  9.00339633e-02
  5.45618236e-01 -1.83607638e-01  2.24078834e-01 -1.90752864e-01
 -1.51288521e-03 -3.93022567e-01 -1.05430625e-01 -1.07825808e-01
 -8.34050000e-01 -1.86623216e-01 -3.21225554e-01 -4.42048252e-01
  5.20093322e-01  2.66908616e-01 -6.01378739e-01 -3.17012846e-01
  1.42521292e-01 -3.42735127e-02 -4.50731009e-01 -8.93237889e-02
 -5.12572050e-01  1.82778418e-01  4.87899512e-01  4.28265184e-01
  4.14472908e-01 -2.68916726e-01 -6.81961894e-01  1.48743704e-01
  7.06680298e-01  1.27625644e-01  2.58611500e-01  1.33899599e-01
 -6.30201921e-02  6.87753735e-03 -3.61166924e-01  5.99597991e-01
  3.28471392e-01  6.11234367e-01 -1.59367308e-01  5.79657137e-01
  5.70499778e-01 -2.03969046e-01  2.70966887e-01  9.04450119e-01
  3.97225410e-01  6.36755407e-01 -5.77708259e-02  3.68234590e-02
 -5.47057211e-01  2.95317620e-01 -2.78408259e-01  2.50532746e-01
  2.95597583e-01 -3.87314558e-01 -1.06711723e-02 -4.47060823e-01
  5.82158118e-02  3.54063928e-01 -2.57291913e-01  6.40492439e-02
 -1.53027967e-01 -5.27771890e-01  3.81747633e-01 -1.58414677e-01
 -7.10591152e-02  1.84038460e-01 -3.50280739e-02  4.53729361e-01
  5.28607190e-01  2.89910972e-01 -4.13019881e-02  2.18813434e-01
 -6.56645000e-01  8.71488005e-02 -4.67824578e-01  2.55652428e-01
  8.07451427e-01  1.06632136e-01 -7.05801308e-01  1.14724427e-01
  7.12393165e-01 -3.56042296e-01  6.12720251e-02 -1.09155071e+00
 -1.83731511e-01 -1.11092418e-01  1.16029590e-01  1.15147159e-01
 -1.75462157e-01  4.96920139e-01 -3.07970017e-01 -1.20885350e-01
 -2.61702031e-01  7.54705608e-01  6.75808936e-02 -2.03601196e-01
 -8.34806710e-02  5.29114045e-02 -5.20556681e-02  2.55377173e-01
  5.19331433e-02 -4.06432241e-01  1.17533110e-01 -4.00002636e-02
 -2.94865906e-01 -2.02174541e-02  4.06660765e-01  1.87807217e-01
  2.56806910e-02  2.26845756e-01 -4.00772244e-02 -8.69129181e-01
 -2.08236724e-01  3.32490236e-01 -9.42822278e-01 -7.35208243e-02
 -1.42976373e-01 -1.13643274e-01  3.54890704e-01 -1.47615075e-01
 -3.49446923e-01  1.57335289e-02 -2.95113206e-01 -5.24454191e-02
 -1.21971622e-01 -5.85670590e-01 -6.85122907e-02  2.01101497e-01
 -9.97806042e-02 -1.07491338e+00  1.43380091e-01  1.80716157e-01
  3.34964663e-01  5.05462624e-02  5.15951395e-01  2.37292767e-01
  3.97394374e-02  4.21320677e-01 -2.29931965e-01  1.79247186e-01
 -1.03820820e+01 -4.44893003e-01 -3.65293264e-01 -1.83305487e-01
 -3.69284958e-01  4.92114902e-01  6.92190528e-01  3.03514808e-01
 -2.52415985e-01  4.12858665e-01 -3.01866412e-01  2.48289540e-01
  1.43474624e-01  9.37308729e-01 -4.28608716e-01 -1.82765752e-01
  3.00782621e-01  8.21121186e-02  6.40494302e-02  3.10793161e-01
 -2.13016227e-01 -4.07034278e-01  6.02096558e-01  7.59041309e-02
 -6.83071688e-02 -3.66577953e-01 -2.48921990e-01  2.34104961e-01
 -1.81457207e-01  1.10360451e-01 -6.09164238e-01  5.34744024e-01
  1.00308433e-01  3.63924474e-01 -7.44879067e-01 -2.30176792e-01
 -8.91357064e-02  2.33388156e-01  3.84759128e-01  5.59588253e-01
 -8.36476907e-02  6.77435100e-01  2.64930218e-01 -4.22809809e-01
  8.53337288e-01 -2.34485701e-01  3.33837777e-01  5.19216418e-01
  2.75016248e-01  1.35407135e-01 -1.36321679e-01 -6.43802226e-01
  4.21624165e-03 -4.34754133e-01 -1.33099556e-01 -1.42282978e-01
  3.30442816e-01 -6.97705925e-01  3.30822952e-02 -1.12732790e-01
  4.78639036e-01 -2.73013711e-01  6.63694620e-01 -5.87224513e-02
 -3.25073451e-01 -1.60571501e-01  6.56867251e-02  6.94627881e-01
 -5.97562611e-01 -2.92080969e-01  5.59029043e-01 -2.73032725e-01
  2.16637284e-01  4.05589044e-01 -4.60919708e-01  2.65621245e-01
 -1.92683697e-01 -1.77279994e-01  1.11961389e+00  7.46123493e-02
  4.50416654e-01 -4.80197296e-02 -4.25727963e-01  1.74755409e-01
 -1.07366514e+00  4.93901521e-01 -1.73196644e-01  1.24258988e-01
  3.95558953e-01 -4.19577271e-01  5.82466722e-01  1.52464572e-03
 -3.31682295e-01  1.18207902e-01  4.81196791e-01  6.66705295e-02
  4.59523231e-01  7.95234889e-02  9.23289955e-01  1.36794508e-01]"
ナ,"[-1.36217847e-01  3.79785836e-01 -7.92758390e-02 -5.09535491e-01
 -1.95318786e-03  2.65511032e-02  3.28162432e-01  1.86124414e-01
 -4.10467416e-01 -4.79793012e-01  5.64779341e-01 -1.58841357e-01
 -3.58249873e-01 -1.21736579e-01  8.01063955e-01 -2.62379080e-01
 -1.14656851e-01  5.74271560e-01  7.07754716e-02  2.66021073e-01
 -1.86416194e-01 -6.59682512e-01  3.99309322e-02  2.96137743e-02
  4.26596284e-01 -2.26286814e-01 -5.27459085e-02  2.43042350e-01
 -1.87669918e-01 -3.39602441e-01 -6.15385592e-01 -7.27221608e-01
 -2.41543472e-01 -5.58901489e-01 -3.99754226e-01  3.63775998e-01
  4.19665515e-01  1.36867613e-01 -1.26615241e-01 -3.62567186e-01
 -3.51681143e-01 -3.00753027e-01 -3.07276398e-01 -3.41567010e-01
  1.82689756e-01  7.73475230e-01 -1.72071517e-01  2.98296034e-01
  1.09790802e+00 -5.19320881e-03 -2.24340603e-01  3.36468339e-01
 -9.59923957e-03 -4.88534989e-03  1.07273594e-01 -1.52681500e-01
  6.55446112e-01  3.33327949e-02 -4.53105271e-02  3.10871243e-01
  6.76823854e-02 -1.04677454e-01  4.56239283e-01  2.24224582e-01
 -7.09120929e-01 -3.74676853e-01  4.51853909e-02 -6.66756928e-02
 -3.65355164e-01 -4.55440432e-01 -3.05466056e-01 -1.93880707e-01
  3.06158047e-02 -8.07640776e-02  1.83492303e-02 -4.41437542e-01
  1.64273813e-01 -4.63895202e-02  5.95329642e-01 -7.01336637e-02
 -3.65556823e-03  5.08116007e-01  5.08597158e-02 -1.96027994e-01
  2.67019659e-01  4.62842956e-02 -3.44363570e-01 -9.88484859e-01
  3.15028399e-01 -2.64876187e-01 -1.39831915e-01  5.50535142e-01
 -2.55879790e-01  1.75825730e-01 -5.80384552e-01 -1.28734753e-01
  1.76557988e-01 -1.89133123e-01  6.04552999e-02  2.59222746e-01
 -4.22254391e-02 -7.70054460e-02  7.04882324e-01 -5.76668568e-02
 -1.53928623e-01  3.42632353e-01 -3.43115151e-01  4.49620113e-02
  2.42110752e-02 -7.46607408e-02 -3.88004512e-01 -3.23105186e-01
  1.31809622e-01  5.69591165e-01 -6.86645955e-02  2.54773289e-01
  8.70746672e-02  2.53773272e-01  2.56878912e-01  2.00417340e-01
  4.36134845e-01  8.56271565e-01 -2.30346486e-01 -1.05310023e-01
 -5.41190982e-01  5.03071785e-01 -1.98655307e-01 -3.05972755e-01
 -1.14055686e-01 -5.99570692e-01  4.72426526e-02  2.75245816e-01
 -1.28947541e-01  2.38380015e-01 -5.20284116e-01  7.78640866e-01
 -1.01966277e-01  4.08485919e-01  4.54666317e-02 -4.16279823e-01
  3.09428930e-01  2.98197530e-02  2.51705293e-02  1.33771747e-01
 -3.04233849e-01  3.02716553e-01  1.36913702e-01 -2.07376768e-04
  3.76660138e-01  5.68434715e-01 -1.34753644e-01  7.10936606e-01
 -7.64993131e-01 -1.17561013e-01  1.90661415e-01  3.33658755e-01
 -7.87062764e-01  2.36750439e-01  4.83446121e-01  8.27533305e-01
  8.74495357e-02 -8.20303857e-01  5.06666861e-02 -5.36461994e-02
  3.01194191e-01  1.36812225e-01  1.21609658e-01 -3.14265013e-01
  4.17913049e-01  4.48738635e-01  3.17748487e-01  2.46622518e-01
  2.27483809e-02 -2.00229630e-01  6.43893063e-01  6.77333772e-01
  2.43685111e-01  2.57706285e-01 -1.15250852e-02 -1.76610917e-01
 -2.47992203e-01 -4.40509081e-01  7.68386200e-02 -1.65818632e-01
  9.74546149e-02 -3.75914931e-01 -1.54532149e-01 -3.64104837e-01
  1.88847661e-01 -1.59631923e-01  6.68581054e-02 -2.98287272e-01
  3.53886485e-01 -1.14993319e-01  2.72798166e-03 -5.53391516e-01
 -3.80839705e-02 -4.13825214e-01 -9.75275040e-02  2.52881944e-01
 -4.01181877e-01  5.58508001e-02 -1.11496776e-01 -1.42224833e-01
 -1.08030295e+00 -5.20593338e-02  3.11988711e-01  7.99841583e-01
  4.60781097e-01  4.70659047e-01 -1.18820198e-01 -2.65575480e-02
  6.86475158e-01  1.83247432e-01  2.20387485e-02  1.38242573e-01
 -6.60987377e-01  1.32219061e-01  2.95667499e-01  5.98401092e-02
 -5.83511233e-01  1.12225980e-01  2.05917597e-01  4.03799087e-01
  4.57566790e-02  6.79417625e-02  8.97147134e-02 -1.06335782e-01
  2.76489615e-01  2.20542759e-01 -9.18733925e-02  2.29321420e-02
 -7.94441044e-01 -1.39095321e-01 -1.19558227e+00  4.44883972e-01
 -1.01232916e-01  5.70947587e-01 -7.26514831e-02  8.01285803e-02
  3.90290692e-02 -2.42909957e-02 -7.13287592e-02 -1.06457040e-01
 -5.04622236e-02  5.21994591e-01 -2.17935219e-01 -2.63024211e-01
 -3.88072252e-01  6.34832829e-02 -9.22822654e-02 -6.15083814e-01
  2.72369564e-01 -2.32835665e-01  6.31019831e-01  4.55764443e-01
  4.66444761e-01 -6.27220929e-01 -3.09162855e-01 -3.47595394e-01
 -2.33423427e-01 -5.47605753e-01  1.95025384e-01 -3.92802775e-01
 -2.44636402e-01 -6.13931753e-03  3.07361662e-01 -7.44153321e-01
 -2.54494816e-01 -5.41086376e-01  2.85130084e-01 -7.32665181e-01
 -3.65930125e-02 -2.10548982e-01 -1.57022804e-01 -2.61361718e-01
 -2.50898272e-01  2.97212362e-01 -7.76135921e-01  1.28358558e-01
 -5.88600695e-01  4.96300757e-01 -7.17930615e-01  2.75920719e-01
  2.24471271e-01 -2.24002495e-01 -4.96995419e-01 -1.19362988e-01
  2.06217155e-01  1.59566939e-01  2.91711509e-01 -1.50227964e-01
 -1.06531978e-01 -2.88291186e-01 -2.69295812e-01 -1.27763137e-01
  1.79937214e-01 -2.57913977e-01  1.82493612e-01 -1.06588555e-02
  4.38590735e-01  5.49603939e-01  5.10780990e-01  8.62148404e-02
 -1.89244464e-01 -5.10406494e-01 -8.06207210e-02 -4.01949018e-01
  8.37279558e-01 -1.27503648e-01  6.81416690e-02  8.43417823e-01
 -3.43123525e-01  4.27420944e-01  4.92610663e-01  3.57669204e-01
 -1.83962739e+00  8.63521472e-02  1.83601186e-01 -1.78991839e-01
 -1.02437764e-01  4.95744765e-01  3.24417114e-01  3.79628479e-01
 -2.82256156e-01 -2.42777660e-01  1.53881446e-01  4.30253983e-01
 -2.43113890e-01 -5.06444931e-01  2.94239849e-01 -1.20952807e-01
 -1.11387268e-01 -5.77569306e-01 -2.61537135e-01  3.22505057e-01
  5.52402794e-01 -7.49784410e-02 -4.16341238e-02 -4.51178700e-01
  1.46364989e-02 -4.89417017e-02 -7.73097873e-02 -3.48984972e-02
 -5.18511772e-01 -2.18516905e-02 -5.50190685e-03  4.79943335e-01
  5.31697452e-01  6.18142724e-01  5.17191410e-01 -3.68477814e-02
  4.15738523e-01  4.09637064e-01  2.78648823e-01  2.58205205e-01
 -1.92478687e-01  3.38051021e-02  6.54076815e-01  4.56723630e-01
  1.25677779e-01  2.34822974e-01  2.94249147e-01  5.72276235e-01
  4.93437529e-01  2.86634922e-01  3.06924045e-01  1.74232289e-01
  4.80722755e-01  7.67842352e-01  4.61996824e-01 -1.49397627e-01
 -5.35545051e-01 -2.07195401e-01  4.61773090e-02 -7.19204664e-01
 -2.36712545e-02  1.69839919e-01  4.68096703e-01 -6.63670242e-01
 -3.45444322e-01 -2.95199662e-01  1.76241323e-02 -7.02230990e-01
 -3.58724922e-01 -6.69557035e-01 -6.39351606e-01 -1.93379059e-01
  1.65576994e-01 -4.11117226e-01  5.45201898e-02 -6.07914478e-02
  7.05879748e-01 -6.72730744e-01 -3.99949640e-01  1.13895223e-01
 -6.31103158e-01 -2.93652326e-01 -3.77531469e-01 -1.63616955e-01
 -3.91004562e-01 -1.25441849e-01  3.14322710e-01 -4.70428199e-01
 -7.83000410e-01 -2.88838267e-01 -6.09501421e-01 -3.22668433e-01
  3.07533801e-01  5.02631187e-01  3.61660123e-02  5.98707616e-01
  2.11616114e-01  3.22341442e-01 -3.80458027e-01  7.36585975e-01
 -8.92982781e-01  4.00662065e-01  2.41615936e-01  4.03680295e-01
  6.13344252e-01  5.35341918e-01  4.90175307e-01  8.57306346e-02
  1.54749513e-01 -3.47645255e-03 -1.79560825e-01 -6.78959489e-01
  6.71502113e-01 -4.02425438e-01  5.00388384e-01 -1.75969094e-01
 -2.62269527e-01  4.49397892e-01 -3.34530354e-01 -2.27431476e-01
 -1.88923135e-01  3.93853813e-01  3.31171937e-02  1.88998282e-01
  2.92169690e-01  9.07335699e-01 -1.43206015e-01 -1.83547169e-01
  9.28238034e-02  1.60436437e-01  4.88099992e-01  1.68469951e-01
  5.57058044e-02 -6.00753911e-02  2.54856884e-01  1.46979168e-01
 -1.44283250e-01  2.38408491e-01  2.79301614e-01  4.87950534e-01
  1.73891008e-01  2.02815458e-01  2.59649754e-01 -1.50730982e-01
 -4.01128232e-01 -4.44263101e-01 -7.44524181e-01 -3.40825647e-01
 -5.52254975e-01 -7.67023489e-02  9.34108198e-01 -2.39603773e-01
  2.25190129e-02 -4.28295434e-01 -4.49173182e-01 -3.42966765e-01
 -5.46806157e-01  1.06074482e-01  4.81443912e-01  2.84314156e-01
  9.18398738e-01  1.30967349e-01 -7.45666564e-01  1.76642686e-01
  2.21011579e-01  4.07253027e-01  6.63063765e-01  9.09066014e-03
  3.50896940e-02  1.83811858e-01  1.82680011e-01  4.70659614e-01
 -1.01974562e-01  6.26978725e-02 -9.40832615e-01 -6.52404249e-01
 -3.24350387e-01  3.67973775e-01  3.67124885e-01 -2.21401602e-01
  4.15161073e-01  9.94877517e-02 -4.92430925e-01 -7.80409276e-01
 -2.40423933e-01 -3.42800945e-01  1.29675731e-01 -9.90501523e-01
 -9.37732756e-02  1.18506961e-01 -1.67349026e-01  4.45392698e-01
  2.83873439e-01 -4.39427286e-01  2.52377331e-01  4.21399295e-01
  5.71334600e-01 -7.26973414e-01 -2.95927469e-02  2.91597378e-02
  4.24708948e-02  2.92873144e-01  2.04589441e-01 -1.02795161e-01
 -7.58736432e-02 -1.95115730e-01 -8.25254500e-01 -4.65269268e-01
 -5.27914286e-01 -1.17438126e+00  6.21102273e-01  1.46073565e-01
  1.34798642e-02 -4.54668194e-01  3.69665682e-01 -9.39018354e-02
  1.79259390e-01  3.46551925e-01  2.71567196e-01 -4.09156322e-01
 -9.87835944e-01  1.17123187e-01 -4.00100410e-01 -7.79720724e-01
 -6.15735836e-02  7.60794103e-01 -3.06203067e-01 -1.51217744e-01
  6.68269396e-02 -4.68070358e-02  5.00749517e-03 -3.84405628e-02
 -2.85034955e-01 -7.58327544e-02  7.27977306e-02  1.18851520e-01
  2.82191873e-01  1.08784445e-01 -5.96040972e-02  1.46751404e-01
  2.27181897e-01  8.85928571e-01  2.84479290e-01  1.18054681e-01
 -3.82209152e-01 -2.01807499e-01 -7.07857534e-02  6.98361918e-02
  2.02183425e-01  4.53183949e-01 -6.44808471e-01  1.25333160e-01
  6.75511301e-01 -6.16195202e-01  6.16117045e-02  4.95503813e-01
  6.56136870e-01  2.38089874e-01 -3.15300524e-01 -1.00683272e-02
 -6.44401968e-01  3.05437386e-01  4.04159427e-01  6.76220596e-01
 -1.20024569e-01  9.89443287e-02 -1.09465942e-01 -8.93416941e-01
 -6.44049406e-01  1.70678586e-01  2.32825950e-01  3.58750582e-01
  2.90902436e-01  6.03955314e-02  3.64982843e-01  2.88788140e-01
  3.25582206e-01  2.98508048e-01 -2.11853176e-01 -1.69587851e-01
  9.25581336e-01 -1.00967355e-01  4.19761032e-01 -5.97174942e-01
 -1.12329876e+00 -1.14141829e-01 -1.00131340e-01  2.89266169e-01
  6.18421614e-01 -2.26853136e-02 -2.46456966e-01  5.18426597e-01
  3.93800706e-01  2.33769998e-01 -3.89728211e-02 -7.22244859e-01
 -5.15709594e-02 -8.79537985e-02 -3.18342112e-02  2.17369661e-01
 -9.24059898e-02  3.81692141e-01  4.86069262e-01  4.05491590e-01
  5.01701906e-02  2.69278318e-01  7.19921067e-02 -2.63382852e-01
  3.92926067e-01  2.74747610e-01 -4.12314445e-01 -3.01242560e-01
  2.44315729e-01 -4.21547800e-01  7.09136343e-03  3.57484549e-01
 -2.73204625e-01 -5.03464162e-01 -1.94650888e-01 -3.36996615e-01
  3.47201884e-01  1.80828840e-01 -5.29132307e-01 -3.22091542e-02
 -6.23873733e-02  3.67710628e-02 -1.78253248e-01 -4.06050496e-02
 -3.81089188e-02 -8.67923498e-02 -1.65621966e-01  3.79243270e-02
 -6.91981614e-01  1.61953513e-02 -8.07290912e-01  1.26615137e-01
 -2.16477290e-01 -7.05652595e-01  4.07820255e-01  7.20290840e-02
 -4.22391802e-01 -1.19935584e+00  3.84969234e-01  1.55750945e-01
  5.93656301e-01 -2.86965460e-01  4.22575116e-01 -2.09008619e-01
  3.65491688e-01  2.06109527e-02 -5.05034685e-01  5.86398458e-03
 -1.02386160e+01  2.93695301e-01 -8.07565212e-01 -4.65996787e-02
 -2.19530776e-01  2.15877116e-01  4.06636357e-01  2.02618510e-01
 -1.14357591e-01  7.83499703e-02  4.85066801e-01  6.26463711e-01
  2.03689128e-01  3.30434442e-01 -5.96944213e-01 -2.57458121e-01
  1.55121490e-01 -5.21634400e-01 -4.14517932e-02 -6.80052564e-02
  3.14117461e-01 -5.96499518e-02  7.12457478e-01  4.58022505e-01
 -4.48841117e-02 -2.83873647e-01 -4.76288140e-01  6.18951201e-01
 -3.41623366e-01  3.32348108e-01 -5.62076449e-01  2.32299924e-01
  3.24432969e-01  5.09893335e-02 -3.02852899e-01 -2.84949720e-01
 -8.83074999e-02  1.36656255e-01  1.83941081e-01  1.22880384e-01
 -4.62945290e-02  4.57452267e-01  5.45233749e-02  6.43202439e-02
  2.69053727e-01  3.59110266e-01  4.33827117e-02  3.14644277e-01
  5.46511352e-01 -2.06803922e-02 -1.34080142e-01 -2.38514975e-01
  1.48372516e-01 -1.07856549e-01  3.60755771e-01 -3.13270502e-02
  7.97114253e-01 -2.66944528e-01 -3.02110076e-01  3.60109583e-02
  4.78554875e-01 -1.68002859e-01  6.27351522e-01  3.93252403e-01
  3.06651354e-01  3.53701234e-01  5.44516444e-01  3.99895757e-01
 -2.98449010e-01 -3.67829949e-01  2.15354741e-01  2.46415168e-01
 -1.14773951e-01 -3.16884935e-01 -3.18966627e-01  6.03009045e-01
  6.61231354e-02 -2.57588595e-01 -2.31780112e-02  9.41014364e-02
  2.65585244e-01 -5.33725787e-03 -4.46496755e-01  5.85658699e-02
 -9.59826112e-01 -6.34158403e-02 -3.14684808e-02  4.64487463e-01
  1.35348931e-01 -6.52033329e-01  4.94852304e-01 -1.96370915e-01
  1.20603964e-01  5.20343333e-02 -7.96077028e-02  9.75164324e-02
  2.76541382e-01  1.29650429e-01  6.51039779e-01  3.14553797e-01]"
ノ,"[ 1.23113811e-01  4.49260980e-01  3.88404280e-01  4.12229039e-02
  7.58494586e-02  5.55812836e-01  2.30610564e-01  1.55199990e-01
 -4.04612541e-01 -4.64430183e-01  3.74848321e-02 -1.54315770e-01
 -2.07908779e-01  6.23014152e-01  7.49955997e-02 -3.30402814e-02
 -2.26855040e-01 -1.62437931e-01 -3.13676387e-01 -2.00981289e-01
 -4.48760957e-01 -3.97047579e-01 -4.97110158e-01  4.76455122e-01
 -2.80899405e-01 -7.96614587e-02 -1.04049891e-02  1.68051675e-01
  2.50054508e-01 -1.14886917e-01 -9.53003466e-02 -4.02071178e-01
 -5.61126232e-01  1.01643596e-02 -6.13143682e-01 -8.41822997e-02
 -4.24341589e-01 -1.15477450e-01  2.67024755e-01  2.16015093e-02
 -1.81246996e-02 -1.73579127e-01 -3.49012285e-01 -3.33618551e-01
 -7.02253431e-02  4.09980029e-01  2.20420837e-01  3.00006866e-01
  2.42361739e-01  4.48936149e-02 -3.21125537e-02  3.01297307e-01
  1.92337692e-01  8.26527849e-02  4.47368920e-01 -5.93059182e-01
  8.80979478e-01 -8.07471931e-01  2.13088438e-01  5.51424801e-01
 -6.56773627e-01 -3.90758187e-01  1.43242121e-01  2.11935133e-01
 -9.31481495e-02 -2.19872966e-01  3.20592284e-01 -2.26815380e-02
  1.36021286e-01 -7.62172818e-01  2.12349832e-01 -1.27141982e-01
 -6.43603504e-02 -1.57820612e-01  2.64960796e-01 -7.73804367e-01
  3.08751792e-01 -1.34795398e-01 -9.22530517e-02  4.32345748e-01
 -6.07732952e-01  8.60530555e-01  1.02429159e-01 -4.22151029e-01
 -2.94526704e-02 -1.23188280e-01 -6.46335602e-01 -8.16068292e-01
  4.59982216e-01 -2.75368243e-01  2.81266272e-01  3.78872514e-01
  1.45803541e-01  7.60105848e-01  1.65413618e-02  4.40185964e-02
  3.51011038e-01  3.87873113e-01  8.99581686e-02  3.23933095e-01
 -4.62004006e-01 -5.34325987e-02  5.84278762e-01 -8.37862790e-01
 -1.35014057e-01  4.42395322e-02 -4.43261951e-01  4.66958582e-01
  1.38552159e-01  4.95200753e-02 -2.71311730e-01 -2.95672476e-01
 -3.43964279e-01  2.89145172e-01  2.78231651e-01  3.83880287e-01
 -2.12855288e-04  3.52657884e-01 -2.96841830e-01  4.20441896e-01
  1.40269235e-01  6.62803769e-01  1.09529132e-02 -2.49316245e-01
 -7.61166990e-01 -1.78450748e-01  2.51341045e-01  2.48560891e-01
  4.15656120e-02 -8.78526211e-01  1.42715305e-01 -3.67501788e-02
 -5.65640450e-01 -1.95349798e-01 -3.72287840e-01  6.86625242e-01
 -3.80434580e-02  1.79914564e-01 -1.07767247e-01 -4.58080381e-01
 -6.97997212e-01  2.59056240e-01 -1.68051690e-01 -4.91655879e-02
 -2.13580102e-01 -9.60002318e-02 -1.39121320e-02  1.98626667e-01
  6.02209568e-01  5.10934234e-01 -1.99028850e-01  1.08309150e+00
 -4.65114534e-01  3.38232853e-02  3.89487773e-01  1.73709512e-01
 -5.13961792e-01 -8.78164452e-03  2.31831729e-01  5.93233228e-01
  5.72017312e-01 -4.90951926e-01  3.55887771e-01  9.36181843e-01
  4.92500840e-03  2.35442325e-01  4.68925864e-01 -1.16490021e-01
  3.04736435e-01  5.32806814e-01  5.97709119e-01  5.41073382e-01
  5.92143834e-02 -2.41891831e-01  1.00824591e-02  5.17738283e-01
  7.23901451e-01  8.04607421e-02  1.66189998e-01 -5.36121488e-01
  7.83840641e-02 -6.55987710e-02 -9.39969718e-03 -8.04161727e-01
  2.19759196e-01 -3.05725276e-01  1.52500451e-01 -8.31784010e-02
 -2.19059780e-01  4.82337968e-03 -2.45514527e-01 -1.42656997e-01
  1.65396035e-01 -1.80536762e-01  2.26214379e-02  2.52815306e-01
  1.00860395e-01 -7.36695156e-02 -3.12549770e-01  2.79089343e-03
 -2.68920720e-01  9.18744355e-02 -8.30516815e-02 -1.10109758e+00
 -9.53852296e-01  1.03881106e-01  5.31826556e-01  4.94676471e-01
  3.65183890e-01 -9.52106789e-02 -2.39994168e-01  2.04554543e-01
  7.21654952e-01  1.95283428e-01  4.75211233e-01  4.69315678e-01
 -5.75710177e-01 -1.04978181e-01  1.77905098e-01  3.13063949e-01
 -9.79202688e-02  8.28086808e-02  4.22740579e-02 -8.02398846e-02
 -9.45495218e-02  8.08014631e-01  1.93626329e-01 -1.15061909e-01
  5.42823086e-03  7.24072158e-01 -7.91777432e-01 -2.52511680e-01
 -5.10340989e-01 -2.52442151e-01  4.33612178e-04 -1.39367178e-01
 -5.12304783e-01  5.12993574e-01 -8.56382102e-02 -2.78315190e-02
 -4.14654672e-01 -2.26634517e-01  5.57317138e-01 -5.89458108e-01
  2.18611151e-01  2.76710242e-01 -1.29829556e-01  3.41493078e-02
 -5.82733810e-01 -1.07430205e-01 -4.65020955e-01 -5.12474656e-01
  9.52655450e-02 -2.72701353e-01  8.77055287e-01  3.07052471e-02
  7.11751580e-01 -1.73607394e-01  1.39930546e-01 -2.33707801e-01
 -1.70010328e-01 -4.66006249e-01 -3.89308721e-01 -3.20064992e-01
  3.61925870e-01  2.42260829e-01  5.45590460e-01 -2.52547652e-01
 -1.68000793e+00 -8.29514936e-02  9.01246294e-02 -5.90021551e-01
 -1.16623260e-01 -1.34414792e-01 -1.57002702e-01 -3.50256592e-01
 -7.30955303e-02  7.53961086e-01 -6.83084846e-01 -1.34672865e-01
 -2.11008042e-01  4.07173544e-01 -4.59838241e-01  6.23786785e-02
  1.15388535e-01  4.10698295e-01 -1.90829471e-01 -6.96349680e-01
 -3.93040687e-01  1.79575663e-02  1.43006444e-01  1.85511503e-02
 -4.81871307e-01 -1.48434574e-02 -4.17085320e-01  2.82912433e-01
  1.63787574e-01 -4.43290174e-01  3.41521949e-01  3.08568865e-01
  6.14660859e-01  5.54905236e-01  5.43033540e-01 -1.67243108e-01
 -6.71458781e-01  2.20170617e-01  1.89688981e-01 -3.02759826e-01
  5.59830368e-01 -5.56518137e-01  3.51618409e-01  3.42310756e-01
 -3.35783273e-01  2.90837556e-01  6.45881951e-01 -3.10758837e-02
 -1.57252991e+00 -2.52801150e-01  3.62301499e-01  2.08795875e-01
 -3.81751925e-01  1.31960496e-01  1.57625541e-01  3.44234735e-01
 -5.06384075e-01 -2.88007140e-01  5.49816430e-01  1.96436539e-01
  2.62163132e-01 -1.87219411e-01  5.82617044e-01 -5.04882991e-01
  3.97969894e-02 -6.78749979e-01 -1.71617232e-02  4.86107826e-01
 -2.34532297e-01 -1.44409791e-01  2.65208751e-01 -3.78248841e-01
 -2.67185420e-01  4.09802943e-01 -1.96832940e-01  5.28481901e-02
 -2.97440588e-01 -4.00130190e-02  2.80279517e-01  1.49727285e+00
  5.00847161e-01  6.12199247e-01 -3.23981762e-01 -3.65001798e-01
  2.64122099e-01  1.23170167e-01  3.43326449e-01 -3.92052352e-01
 -1.27428100e-01 -3.56435657e-01  2.99845319e-02 -6.09694757e-02
  1.71967726e-02 -1.90320536e-02 -2.85898656e-01  1.66258633e-01
 -4.61461455e-01  2.69408196e-01  4.63846594e-01  3.98641117e-02
  2.29337320e-01  6.74637556e-01  5.30179381e-01  2.00344041e-01
 -2.47796908e-01 -5.39353251e-01 -6.30355719e-03 -5.17817616e-01
  3.77795935e-01  3.54310274e-02 -2.08152793e-02  3.71635914e-01
 -3.01368773e-01  1.76991686e-01  3.63877625e-03 -2.82759398e-01
  3.79030369e-02 -5.90867937e-01 -3.02749813e-01 -1.49082586e-01
  7.98156932e-02 -3.84007663e-01  2.99143672e-01  4.65351671e-01
  5.44371367e-01 -3.98653477e-01 -3.92270029e-01  9.72675309e-02
 -9.83534157e-02  1.27100050e-01  7.17663020e-02  2.14128464e-01
 -4.05843407e-02 -1.31443769e-01 -5.32420456e-01 -4.54500645e-01
 -6.07447386e-01 -9.98709500e-02 -4.86487567e-01 -2.52065331e-01
  2.66220659e-01  6.39294863e-01 -6.12208340e-03 -2.62565445e-04
  2.04694018e-01  2.40642652e-01 -4.27702397e-01 -5.29126644e-01
 -2.38432959e-02  3.13135058e-01  5.64491034e-01  3.77767503e-01
  5.96675158e-01  1.17585137e-01  3.22405636e-01 -3.39446403e-02
  1.58558324e-01  3.65950882e-01 -3.81578386e-01 -2.99306184e-01
  1.03000677e+00 -4.18948561e-01 -1.96306072e-02 -1.87338233e-01
  1.94606170e-01  7.99240828e-01 -2.15115011e-01 -7.93520927e-01
  4.18662280e-01  4.26677354e-02  2.31191576e-01  6.34077966e-01
  4.24195170e-01  1.04574716e+00  2.88774312e-01  4.17648017e-01
  3.80794793e-01 -2.01076746e-01  1.47980750e-01 -3.86171550e-01
 -5.57927750e-02 -1.40444979e-01  3.92957896e-01  7.64117658e-01
  3.73838156e-01  2.85865635e-01  3.53921093e-02  4.45983082e-01
 -5.20824790e-01  1.52594760e-01  3.83240670e-01 -2.02982485e-01
 -5.34681618e-01  2.18737781e-01 -9.72753882e-01 -8.20762157e-01
 -1.42118096e-01 -1.54181104e-02  4.62866515e-01  8.17298517e-03
  3.94206733e-01 -5.85130751e-01 -7.57343411e-01 -4.78797048e-01
 -9.84368324e-01 -6.97788373e-02  5.17299473e-02 -1.90207765e-01
  5.90698004e-01  3.00529271e-01 -9.81938839e-01  4.61364597e-01
  3.21069539e-01  4.84507680e-01  1.78513914e-01 -3.84794921e-01
 -3.21662426e-01  8.44351947e-01 -5.01440942e-01 -4.16651845e-01
  7.50177801e-01 -7.43482336e-02 -6.99120983e-02 -3.65538716e-01
 -2.01956391e-01  1.56544775e-01  4.73310828e-01 -1.82083428e-01
  2.54827708e-01 -2.31193323e-02 -4.22174037e-01 -2.79205352e-01
 -2.62507737e-01 -3.16567719e-01  2.97977895e-01 -8.84693801e-01
 -2.04450682e-01 -2.52627939e-01 -1.21887743e-01  6.88534558e-01
  6.42952502e-01 -2.15195671e-01  9.18591321e-02  7.15314806e-01
  1.78813905e-01 -2.66066790e-01 -3.31308916e-02  7.55949542e-02
 -3.62432927e-01 -2.60648489e-01  1.19486786e-02  3.90239060e-01
  2.84600645e-01  3.44783872e-01 -7.18457520e-01 -3.53507429e-01
 -1.42467782e-01 -7.82932281e-01  4.00694132e-01  1.92137603e-02
  5.24908721e-01 -9.15139794e-01  1.73386246e-01 -1.48684144e-01
  3.27598691e-01  1.39680013e-01 -2.00174563e-02 -7.63090774e-02
 -1.40753603e+00  5.34817576e-02 -4.91853833e-01 -7.90289640e-01
  5.31877756e-01 -2.84822911e-01 -6.91955984e-01  2.17893630e-01
  1.76820919e-01 -9.17976275e-02  9.21580791e-02 -3.85496318e-02
 -4.90076423e-01 -4.22873162e-02  4.48101699e-01 -1.26145676e-01
 -1.06432103e-01  4.72065836e-01 -3.87865245e-01  3.98647003e-02
  6.03585422e-01  5.24963677e-01  1.71705201e-01  1.21528871e-01
 -7.35646188e-02  5.01642190e-02 -7.86901593e-01  1.55635715e-01
  8.70108232e-02  4.39944237e-01 -3.94597560e-01  2.23512560e-01
  6.52563274e-01 -3.68132114e-01 -5.19896671e-02  8.49521458e-01
  1.55818611e-01  6.38476849e-01  1.11140544e-02 -2.35162959e-01
 -8.81849945e-01  4.97459799e-01  4.13625896e-01  2.62266725e-01
 -3.03950429e-01  2.89349884e-01 -1.05225965e-01 -4.88278657e-01
  2.41197437e-01 -6.67811558e-02 -6.48341775e-02  4.65491861e-01
  4.32802051e-01  1.59918487e-01  7.77037919e-01  6.60133779e-01
 -3.09938699e-01  4.00959253e-01  1.44314617e-01  2.56775558e-01
  9.15910959e-01 -6.73000142e-02  5.17660499e-01 -3.36589038e-01
 -7.84148991e-01  2.95045078e-01  1.96931988e-01  3.56830567e-01
  1.17378509e+00  1.39682159e-01 -3.98816109e-01  5.46224952e-01
  8.05906475e-01 -7.51746744e-02  1.15499027e-01 -4.92774248e-01
 -5.36334105e-02 -8.12551901e-02 -2.03518867e-01 -7.50195608e-02
 -6.83854148e-02  8.23175758e-02 -1.19391821e-01  1.93659291e-01
 -2.46352330e-01  4.71951336e-01 -4.20903563e-01 -3.07816327e-01
  3.75900447e-01 -2.96159741e-03  3.02026123e-01 -5.33858947e-02
  4.79073226e-01 -3.20880771e-01 -2.08250985e-01  4.28363711e-01
 -4.07904178e-01 -4.38894421e-01 -5.32719642e-02  3.54732394e-01
 -3.68370116e-02 -5.23723802e-03  9.40156654e-02 -3.61226708e-01
 -2.11391807e-01  2.54273117e-01 -5.56930721e-01  3.65894824e-01
 -6.42438754e-02  2.67786860e-01  1.88380986e-01  4.71253060e-02
 -4.17745918e-01 -2.76442826e-01 -5.47187746e-01  1.43008962e-01
 -3.96871269e-01 -6.32258832e-01  4.64212120e-01 -1.83759145e-02
 -3.48539829e-01 -1.56650519e+00  6.56196892e-01 -1.74322262e-01
  3.85934293e-01 -1.87943995e-01  1.42567590e-01 -5.21857180e-02
  2.90188640e-02  1.42841697e-01 -4.49915349e-01 -3.34871858e-02
 -1.01067724e+01  3.11617330e-02 -7.10338235e-01 -5.03866792e-01
 -2.64388956e-02  1.03408713e-02  8.33916724e-01  5.29698193e-01
 -3.99114966e-01  1.70718711e-02 -4.22287047e-01  2.25666061e-01
  2.73504108e-01  5.72039843e-01 -4.24214043e-02 -3.59833062e-01
 -3.35964322e-01 -5.06882787e-01 -9.67234299e-02 -3.82920861e-01
 -6.20862655e-02 -6.16059639e-02  8.08233559e-01  1.75922617e-01
 -1.41766801e-01 -4.45674956e-01 -3.42614204e-01  3.71506095e-01
 -1.45561367e-01  1.72550425e-01 -1.12354136e+00  9.02729630e-01
 -3.65799874e-01 -3.82174015e-01 -4.52700913e-01  2.52111197e-01
 -1.03344508e-02  2.84253508e-01 -5.91973849e-02  6.01249099e-01
  2.94511944e-01  6.63701892e-01 -1.59801975e-01 -3.01804602e-01
  1.33111045e-01  4.78138477e-01 -1.13877743e-01  2.86380202e-01
  2.44580165e-01 -1.81336150e-01  1.40264288e-01 -3.99034947e-01
  2.80913800e-01 -1.46982849e-01 -1.33303432e-02 -1.94240063e-01
  7.76720881e-01 -7.87925303e-01  3.11534498e-02  1.07299186e-01
  2.39278749e-01 -1.93022102e-01  4.25227582e-01  2.08171546e-01
 -3.23789686e-01  4.72927004e-01  1.39993340e-01  2.36181840e-01
 -7.69515574e-01 -2.41971061e-01  3.64501327e-01  1.33696809e-01
  1.55698970e-01  1.74356505e-01 -2.46817935e-02  5.74505568e-01
 -1.88891619e-01  4.66608964e-02  7.75435716e-02  2.81894326e-01
  4.17148203e-01 -4.69411433e-01 -6.45520866e-01  1.39159366e-01
 -1.64156571e-01  4.06951696e-01 -1.34477422e-01  3.28823775e-01
  7.53167793e-02 -4.62564290e-01  3.39626253e-01 -4.55998957e-01
 -6.29896760e-01 -1.37135521e-01 -4.55033481e-02 -3.14345300e-01
  2.21978888e-01  2.28932858e-01  3.69276494e-01  4.94382977e-01]"
ユ,"[ 2.41417095e-01  1.04537749e+00 -2.04168811e-01 -7.38693655e-01
  3.63554209e-01  5.96759140e-01  2.78781295e-01  1.01728097e-01
 -3.47559482e-01 -7.30046511e-01  6.07978880e-01 -1.15577437e-01
 -2.82686204e-01 -2.64969140e-01  2.60269791e-01 -2.40847781e-01
  5.38448274e-01 -8.97789001e-02 -1.39550924e-01  8.95937681e-02
 -5.30031860e-01 -2.98773855e-01 -3.67366701e-01  2.17358738e-01
  5.40321529e-01 -4.98152494e-01 -2.30581552e-01  6.37390912e-02
 -2.77467489e-01 -3.24191570e-01 -5.41708887e-01 -3.37753445e-01
 -1.87179670e-01 -2.64374763e-01  1.51263922e-01  8.37450996e-02
  2.76114434e-01 -2.60170619e-03  2.69790024e-01 -2.22994387e-01
  3.60241979e-02  9.39062536e-02 -3.78691256e-02 -1.95443571e-01
  1.77560464e-01  4.89379555e-01 -3.23841304e-01  4.65418339e-01
  6.57337546e-01 -2.45833136e-02 -2.74614487e-02  2.59986281e-01
  5.22302799e-02  9.06016976e-02 -4.32884902e-01 -4.83495533e-01
  2.37709597e-01 -5.32453179e-01 -1.10194348e-01 -1.42658204e-01
 -3.04434001e-01 -1.36352852e-01  4.21252310e-01  2.32507825e-01
 -5.56691527e-01 -1.35156065e-01  2.19021946e-01  2.01224431e-01
 -4.85644013e-01 -3.88875365e-01 -4.82787907e-01  1.88874960e-01
  8.90784785e-02 -6.64154440e-02  7.94135153e-01 -6.11682355e-01
 -1.52492836e-01 -1.21551126e-01 -1.04618475e-01 -9.88547280e-02
 -4.51927111e-02  4.30326574e-02 -1.48751944e-01 -3.03850085e-01
  3.80805671e-01  1.75735533e-01 -1.42092302e-01 -3.36708426e-01
 -3.82422470e-02 -1.34079441e-01 -1.07842553e-02  8.77174586e-02
  2.28923142e-01 -4.72464263e-01 -4.63660449e-01  2.66688526e-01
  4.46330398e-01 -4.20268655e-01  1.27932742e-01  3.68870825e-01
  4.55935985e-01 -6.88810647e-02  4.82596070e-01 -5.03941357e-01
 -2.10226685e-01  8.31601322e-02 -5.70904851e-01  4.38303590e-01
  4.95494157e-02 -3.46052200e-01 -1.54482484e-01 -1.81205571e-01
 -1.47036865e-01  2.55574673e-01 -3.52939636e-01 -9.44131464e-02
  1.55515179e-01  4.51188266e-01 -6.82902157e-01  6.83337688e-01
  2.31913999e-01  6.60788417e-02 -3.20749655e-02 -1.59631133e-01
 -1.57128870e-01  4.65613157e-01 -6.60675168e-01  2.96336710e-02
 -6.37227833e-01  1.69400856e-01 -6.00452535e-02  1.83467075e-01
 -1.16586231e-01  1.73972398e-01 -4.75312054e-01  8.64793897e-01
 -1.73599705e-01  2.78655261e-01 -3.64283621e-01 -2.83295572e-01
 -1.64318815e-01 -7.01829270e-02 -1.31589368e-01  1.19411470e-02
 -1.62301421e-01  1.80756986e-01  1.93832573e-02 -4.95477110e-01
  2.76484191e-01 -1.24291062e-01 -3.01284701e-01  7.01918900e-01
 -6.36849463e-01 -9.43675712e-02  2.84622580e-01  1.78486973e-01
 -6.23684287e-01 -1.61787778e-01 -6.42456263e-02  2.59250492e-01
 -7.03199804e-02 -6.64381802e-01  1.57403067e-01  5.95687926e-01
  1.69888273e-01  5.03398657e-01  4.46949035e-01  2.91943312e-01
  2.26439580e-01  8.87472391e-01  2.29374334e-01 -1.76028181e-02
 -1.35319263e-01 -2.20315591e-01  2.67480910e-01  3.08729976e-01
  2.44157150e-01 -1.40409097e-01  7.38261402e-01 -3.98167491e-01
 -1.24683298e-01  2.22598597e-01 -2.27992594e-01 -6.00657523e-01
  1.74549788e-01 -4.35980171e-01 -7.81800896e-02  1.35029375e-03
  1.71201289e-01 -1.17808916e-02 -1.04071784e+00 -1.66847974e-01
  2.55199105e-01 -7.44586349e-01 -1.63431570e-01 -2.55505890e-01
  7.35720173e-02 -4.23621595e-01 -2.90383846e-01  3.09091836e-01
  5.03220737e-01  4.49655205e-02  1.27546638e-01 -2.35842422e-01
 -9.56862330e-01 -4.06635225e-01  6.39495909e-01  3.38304043e-01
  1.96388602e-01  1.87097818e-01 -4.19188738e-01  7.21006334e-01
  5.95014393e-01 -2.53216233e-02  2.33512908e-01  5.13708770e-01
 -4.01140511e-01 -2.78416127e-01  2.38121599e-01 -3.43640178e-01
  2.17172593e-01 -1.26653165e-02  5.34750760e-01  3.80304515e-01
 -3.15032333e-01  4.23622094e-02  2.79199988e-01 -6.12977147e-01
  1.31361876e-02  3.12622011e-01 -3.43278289e-01 -6.25882626e-01
 -5.42494178e-01 -2.16407672e-01 -3.99049252e-01  1.60951525e-01
  1.77685380e-01  4.30409789e-01  1.93889216e-01  3.00027251e-01
  9.73834544e-02 -3.61728817e-02 -2.07790524e-01 -1.07280195e-01
  4.33656108e-03  3.42269009e-03 -6.83329776e-02  2.21214980e-01
 -2.69201189e-01 -1.41384497e-01 -4.48680162e-01 -3.86933506e-01
  1.67823285e-01 -6.63667500e-01  3.93615276e-01  1.53410688e-01
  9.10512879e-02  3.01863942e-02  9.36153457e-02 -5.99176660e-02
  3.05517852e-01 -7.01228142e-01  1.09743074e-01 -1.28405355e-02
 -1.92748774e-02  5.71432173e-01 -4.42831159e-01 -5.21902800e-01
 -3.26779783e-01 -2.31174350e-01  4.01621670e-01 -5.16747355e-01
  1.80438563e-01  2.99854130e-01 -4.45121080e-01  5.02415538e-01
  4.24402133e-02  5.75363040e-01 -5.59962451e-01 -3.56904477e-01
 -7.89853036e-01  3.63083512e-01 -5.43625534e-01  2.38740504e-01
  2.93415159e-01 -7.87266158e-03  1.74394380e-02 -2.87744015e-01
 -1.35451093e-01  2.35437945e-01  1.12153210e-01 -4.33318108e-01
  6.94997376e-04 -4.34543453e-02 -1.20800547e-01 -1.43291116e-01
  2.78886616e-01 -7.93908611e-02 -2.33782142e-01  2.79227644e-01
  4.11906064e-01  3.74827355e-01  4.71330732e-01  9.36765820e-02
 -7.05293179e-01 -4.47185010e-01 -1.86578080e-01 -9.27857831e-02
  6.10473752e-01 -5.98817348e-01 -5.28547764e-02  9.20771718e-01
 -3.25044751e-01 -1.30452171e-01  3.94467324e-01  1.47149771e-01
 -1.21444380e+00  2.69190311e-01  5.42046487e-01 -2.15175599e-01
  1.44458324e-01  5.86079538e-01  5.04160106e-01  6.13304913e-01
 -7.32281327e-01 -3.56324583e-01  4.86218601e-01  1.62589073e-01
  2.64008716e-02 -4.57647711e-01  2.97342353e-02  1.25346735e-01
  4.60339546e-01 -1.66983947e-01  1.03487447e-01  4.88163739e-01
 -4.20585126e-01  1.40532807e-01  2.68569559e-01 -2.91813821e-01
 -2.51097947e-01 -9.27386284e-02  4.09084707e-01 -1.80782527e-01
 -5.26867568e-01 -4.94399667e-01  2.78010577e-01  7.05396950e-01
  5.81753433e-01  1.08130622e+00  2.56063491e-01 -2.08907261e-01
  4.58409131e-01  7.96988070e-01  2.52069861e-01 -1.46094054e-01
  4.80242193e-01  1.73332214e-01  5.05673170e-01  1.67352781e-02
  5.59436738e-01 -4.53801528e-02 -3.85902971e-01  2.28796452e-01
  2.01059237e-01  5.02256155e-01  3.56968164e-01  2.39679635e-01
  5.14562786e-01  1.66790172e-01  5.71887910e-01 -2.53654756e-02
 -4.11737502e-01 -1.82707310e-01 -2.19342262e-01 -1.84682116e-01
 -7.11972177e-01 -6.97823018e-02  5.82596958e-02 -2.44725391e-01
 -4.72025186e-01  1.19108692e-01  5.01060724e-01 -1.16379172e-01
 -3.11067581e-01 -3.58382374e-01 -3.54758501e-01 -1.37451500e-01
 -2.17587367e-01 -4.28844839e-01  1.46046758e-01 -3.90035152e-01
  1.02199149e+00 -4.48586553e-01  1.22505493e-01 -2.85431921e-01
 -3.00072581e-01 -8.56393352e-02  2.22371127e-02  3.00903141e-01
 -3.08231920e-01  2.41720881e-02 -3.52474421e-01 -2.56221980e-01
 -2.61414409e-01 -2.43328467e-01 -4.23727095e-01  3.10646534e-01
 -2.92154700e-02  2.31971890e-01 -8.00313592e-01  1.06348082e-01
  1.28311142e-01 -7.97355697e-02  3.82315330e-02 -3.67067248e-01
 -6.90411985e-01 -1.24169916e-01  3.51640195e-01  6.15436912e-01
  2.23125711e-01  1.45280853e-01  7.38902688e-02  1.80969238e-01
 -4.04391080e-01  1.66209191e-01  3.12441159e-02 -8.08760107e-01
  7.37245321e-01  1.22154005e-01  2.32881233e-01 -2.73384601e-01
  4.08216804e-01  1.61148459e-01 -1.84151605e-01 -4.46636565e-02
 -3.03044975e-01  3.35489988e-01  3.22497711e-02  4.53719825e-01
  3.05056875e-03  6.08593941e-01 -9.18401927e-02  2.76454031e-01
 -2.72016469e-02 -3.24118808e-02  3.50944191e-01  1.32002443e-01
  2.41102219e-01  1.13211937e-01  1.26480654e-01  4.43045199e-02
  9.86098722e-02 -7.92075992e-02 -1.37363270e-01  6.40978634e-01
 -4.92031034e-03  2.62487531e-01  5.44547737e-01  4.76864278e-01
  3.37138861e-01 -3.81229043e-01 -2.39793018e-01  1.44536957e-01
 -7.24714756e-01 -8.54655169e-03  1.83464959e-01 -3.42732251e-01
  3.84759128e-01 -4.90011990e-01 -8.13567102e-01  1.12050943e-01
 -3.26555848e-01 -1.53446108e-01  1.84172288e-01  3.73879880e-01
  5.41927814e-02  8.18234459e-02 -7.09199488e-01  4.29247051e-01
 -2.90771514e-01  3.15505385e-01  5.87204546e-02 -4.69062150e-01
 -2.20286310e-01 -9.33713764e-02  1.63747162e-01 -1.25523478e-01
  2.49530509e-01  7.35541463e-01 -3.17734182e-01 -2.71951467e-01
  3.81086498e-01  9.24527720e-02  7.94371739e-02 -5.39599955e-01
  1.83262676e-01 -6.32060841e-02 -5.05643427e-01 -4.34263885e-01
 -1.40656844e-01 -2.26474792e-01 -4.90530878e-01 -1.72081649e-01
 -8.27899482e-03  3.31544019e-02  1.65624440e-01  7.00637400e-01
  1.60317793e-01 -2.43181929e-01  1.94521114e-01  6.36949837e-01
  3.82689834e-01 -8.60524252e-02 -4.84776162e-02 -1.94450468e-01
 -4.70095813e-01 -6.06891453e-01  3.19460422e-01 -1.04467988e-01
  1.68334797e-01 -1.83052704e-01 -3.98286790e-01 -2.64076531e-01
 -5.98899841e-01 -9.75512564e-01  4.78108972e-01  8.73982832e-02
  3.75543654e-01 -4.67887193e-01  2.99962878e-01 -3.91068280e-01
  6.40470907e-02  6.31210685e-01 -2.72438288e-01 -4.00615990e-01
 -1.05944335e+00  7.76204467e-02  9.75421593e-02 -4.25932527e-01
  5.45416296e-01  3.04756444e-02 -4.34263408e-01 -1.14422627e-01
  6.14177920e-02 -1.54730827e-01 -2.76166260e-01 -1.68127805e-01
 -6.90918684e-01  1.04210652e-01  8.87149945e-02 -1.37646228e-01
 -1.15504801e-01  3.96899730e-01 -2.75310516e-01 -3.24165970e-01
  7.61407554e-01  3.06903780e-01  2.40769789e-01  2.38303035e-01
  8.71319771e-02 -1.93692923e-01 -3.17866564e-01  1.15173534e-01
  3.33902001e-01  5.92595220e-01 -2.78161675e-01  4.89691257e-01
  4.84074593e-01 -1.76489949e-01  2.94807255e-01  3.42172831e-01
  1.93768695e-01  3.65563154e-01 -3.87556255e-02  1.94932699e-01
 -7.42252231e-01  9.92700383e-02 -1.62726920e-02  4.37071323e-01
 -7.76351243e-02  3.54038060e-01 -1.17081039e-01 -2.93675542e-01
 -4.88208115e-01  2.35492334e-01  2.88321465e-01  2.44099721e-01
  3.76364499e-01  2.29223967e-01  3.41951191e-01  8.61466110e-01
 -1.69034272e-01 -3.24892640e-01  1.39913097e-01 -1.48830056e-01
  9.68003452e-01  1.90815330e-01  2.68305749e-01 -1.13318183e-01
 -8.79429996e-01  3.58110666e-01  2.99754053e-01  4.54327948e-02
 -2.07342883e-03 -5.20221651e-01  1.32200703e-01  4.52935696e-01
  3.09726000e-01  7.13613331e-02 -2.26336375e-01 -4.50280219e-01
  5.02274692e-01 -8.55376273e-02 -1.36679664e-01  2.78599650e-01
 -3.73287089e-02  6.11953378e-01 -2.66034137e-02 -2.56589711e-01
  4.69297590e-03  5.39148152e-01 -1.18945435e-01  3.01350236e-01
  3.88489395e-01  7.85365924e-02 -7.45228171e-01  7.46575370e-02
  1.34811342e-01 -3.77000332e-01 -4.83301371e-01 -8.18147063e-02
 -1.87315434e-01 -1.72953337e-01 -6.33797050e-02 -2.99830973e-01
  2.04339504e-01  3.69797438e-01 -4.24912095e-01 -3.58692050e-01
 -2.21748091e-02 -1.69552028e-01 -9.09785330e-01 -2.59154886e-01
  1.02933206e-01  4.65196550e-01 -1.37707591e-01 -3.79129983e-02
 -5.49859107e-01 -9.90315899e-03 -1.01320259e-01 -2.00170465e-02
 -1.88732922e-01 -7.34736145e-01  1.88645005e-01  1.88582569e-01
  1.55791521e-01 -1.02462053e+00  2.05192342e-01 -1.44013446e-02
  3.23714554e-01 -5.66754699e-01  3.57090116e-01 -7.82332480e-01
  3.98685873e-01 -4.04639184e-01 -3.22357565e-01  1.37352869e-01
 -1.03917007e+01 -1.43465638e-01 -2.63442516e-01 -2.65749604e-01
 -3.34673941e-01  1.45474434e-01  6.26263082e-01  2.05307618e-01
 -6.54020429e-01  3.20392609e-01  1.47111267e-01  4.87301677e-01
  6.35070026e-01  3.67730498e-01 -5.53755939e-01 -1.56914249e-01
 -2.43497103e-01  2.47531310e-01  3.16427469e-01 -3.32417607e-01
  1.14747815e-01 -7.83646703e-02  2.63739288e-01  6.93771541e-01
 -1.80925682e-01 -2.75832653e-01 -2.47344792e-01  5.02196550e-01
  2.21934989e-02 -1.20112356e-02 -6.33086681e-01  2.01262496e-02
 -1.71684623e-01  1.59427360e-01 -1.99665785e-01 -2.22242326e-01
 -4.92156222e-02 -2.44416848e-01  3.13266128e-01  7.73006499e-01
 -2.89336026e-01  2.97449142e-01  2.09343195e-01  1.40132681e-01
  7.59534717e-01  7.55453646e-01  2.87542731e-01  6.79362059e-01
  1.04567063e+00 -1.53396711e-01  1.17353760e-01  1.20253794e-01
 -1.15848474e-01  2.37333179e-01  8.51291791e-02  2.72064134e-02
  5.31928122e-01  7.06012547e-02  8.37072954e-02  5.15061796e-01
  5.77660263e-01 -1.14683516e-01  8.42568696e-01  6.14044249e-01
 -1.45590872e-01  1.94819734e-01  1.47726998e-01  7.67120898e-01
 -5.27854621e-01 -8.65572877e-03 -3.07387888e-01  6.87867701e-01
 -5.84590696e-02 -3.75213861e-01 -2.31499732e-01  1.41466171e-01
  9.99568626e-02 -2.17916682e-01  3.46496940e-01 -1.16661698e-01
  3.17800343e-01  3.84329766e-01 -4.43050086e-01  1.85198393e-02
 -5.34257770e-01 -5.17334342e-02 -2.03637868e-01 -1.06670693e-01
  3.40992630e-01 -6.82383478e-01  2.84946561e-01 -3.28350812e-01
  5.19237891e-02  5.49912751e-01  8.61731097e-02  3.75970006e-01
  2.17412353e-01  6.37853667e-02  5.01671135e-02 -1.17398083e-01]"
カ,"[ 3.58623505e-01 -2.46663745e-02  7.75448501e-01 -8.84407759e-01
  2.05631573e-02  3.39202523e-01 -1.35529384e-01 -5.29141799e-02
 -4.17153358e-01  3.07938814e-01  7.79973149e-01 -1.58491731e-01
  2.73954391e-01 -6.79569840e-01  6.54694617e-01 -5.09500563e-01
  2.79152691e-01 -1.55786097e-01  7.91591853e-02 -4.01464760e-01
 -8.99065256e-01 -9.26213205e-01 -1.83110192e-01  1.54470608e-01
 -9.02618244e-02  1.37811098e-02  1.21721886e-02  2.65641689e-01
 -1.97515488e-01  1.73800450e-03 -1.44873202e-01 -5.53951979e-01
 -1.02262542e-01  5.79993427e-02 -1.09505653e+00 -1.95033997e-01
  1.50330216e-01 -1.41734228e-01 -9.51748267e-02 -5.36378443e-01
  3.32558602e-01  3.11147776e-02 -6.13094509e-01 -1.33484438e-01
 -1.43150702e-01  5.45336604e-01 -2.29549840e-01  3.67545485e-01
 -1.44952787e-02 -7.86912739e-02 -4.05287087e-01  1.60253420e-01
  1.48657605e-01  1.46855205e-01  1.35043159e-01 -3.60164315e-01
  1.21215262e-01 -8.88408124e-01 -3.86912338e-02  8.90291296e-03
 -4.12297577e-01  1.84104204e-01  2.63562113e-01  3.95972162e-01
 -2.63143957e-01  4.52321544e-02  9.61821601e-02 -4.72497046e-02
  7.39715621e-02 -6.48744583e-01 -3.36413719e-02  1.64206326e-01
  1.29086927e-01 -4.54291046e-01  7.61634171e-01 -2.88086832e-01
  1.88634962e-01 -1.51704654e-01  3.14154088e-01 -4.34453413e-02
 -4.34984684e-01  1.72228113e-01 -1.45956039e-01 -3.82179230e-01
 -2.66938031e-01  1.74713507e-01 -4.73184168e-01 -8.13936889e-01
  8.41606438e-01 -1.63370445e-01  3.98811787e-01  3.35717320e-01
  1.42418474e-01  2.34820977e-01 -3.75823498e-01  1.53101116e-01
  1.80200025e-01 -5.68276718e-02 -3.80255103e-01  6.07531250e-01
 -1.82700142e-01  5.76381758e-02 -3.03319804e-02 -2.17319041e-01
  3.21460456e-01 -3.65903884e-01 -3.78341734e-01  1.67370379e-01
  3.26045692e-01 -1.77744448e-01 -4.28996652e-01 -3.37885380e-01
 -5.36792994e-01  3.36251765e-01  3.13205421e-01 -3.23720835e-02
 -2.09487334e-01  2.36570567e-01  3.92595269e-02  4.16601747e-01
  2.06613198e-01  5.64181983e-01 -1.32583544e-01  9.94166546e-03
 -9.32277665e-02  4.95230347e-01  9.01037604e-02 -6.32624030e-01
  1.58358559e-01 -2.86766887e-01 -1.73558444e-02  1.07340008e-01
 -4.51720394e-02 -1.58379287e-01 -3.47066075e-01  1.00911450e+00
 -1.72081903e-01  4.28343192e-02 -1.08846836e-01 -5.53245187e-01
 -3.17088962e-02  1.57655567e-01  2.14766219e-01 -2.54550487e-01
  1.04970887e-01  2.99687594e-01  1.89547196e-01 -7.63222635e-01
  1.11502409e-02  1.36825204e-01 -1.47052079e-01  1.06679690e+00
 -7.71152258e-01  2.61684030e-01 -2.60864586e-01 -4.06512246e-02
 -5.02321661e-01  8.80809948e-02  5.01655638e-01  4.69206512e-01
  1.57339752e-01 -5.43632388e-01  5.91759145e-01  5.71602881e-01
  4.12188023e-01  3.37212831e-01  8.57105330e-02 -2.18367904e-01
 -1.45391166e-01  2.89241046e-01 -2.56868720e-01  1.15889378e-01
  1.48382783e-01 -4.54930305e-01  1.39046222e-01  4.08452988e-01
  2.68079937e-01 -1.32260621e-01  4.45829958e-01 -9.17394400e-01
  1.21634929e-02 -1.29310846e-01 -2.40721285e-01 -6.55108631e-01
  5.75766742e-01 -1.57064945e-01 -2.02726319e-01 -2.56978065e-01
  3.70329581e-02 -5.15710235e-01  9.59524959e-02  4.32647280e-02
  6.84190571e-01 -1.56286225e-01 -1.19201258e-01 -4.01351511e-01
  1.61897153e-01 -1.43419474e-01  4.97052148e-02  5.62051535e-01
  1.37465179e-01  1.46439686e-01  6.39640493e-03 -1.10575020e+00
 -5.28054357e-01  1.39588684e-01  7.02512980e-01  6.46990657e-01
  3.36560547e-01  3.55961710e-01 -3.14682722e-01 -2.04505265e-01
  2.06223518e-01  3.48682970e-01  5.52944124e-01 -1.65666640e-02
 -7.39449561e-01 -3.70001137e-01  3.48041385e-01 -1.95296228e-01
  3.64514917e-01 -3.96472722e-01  1.47909656e-01 -1.23007759e-01
 -1.66088358e-01  3.02128971e-01  2.42732868e-01 -4.32539165e-01
 -1.25467569e-01  7.21932948e-01 -5.37491798e-01 -3.94340783e-01
 -6.42009258e-01  1.48062214e-01 -3.87935340e-01  1.26514211e-01
 -3.87917072e-01  2.45502919e-01 -5.14781237e-01  1.67034715e-01
  2.13678837e-01 -9.73865539e-02  1.90267146e-01 -3.02353382e-01
 -1.98651329e-01  2.05969542e-01 -4.91631292e-02  1.52407825e-01
 -3.03271323e-01 -6.56548962e-02 -5.80709100e-01 -4.50180680e-01
  1.67043418e-01 -3.80928963e-01  6.60770416e-01  1.63124174e-01
  1.35975048e-01 -7.01999813e-02  3.47878784e-01 -6.32830441e-01
 -1.44762829e-01 -4.55075115e-01  2.43626311e-01 -1.20690782e-02
  3.93141806e-01  2.13240936e-01  8.69434029e-02 -4.91389245e-01
 -4.09337163e-01 -4.92964417e-01  2.15222612e-01 -2.12857053e-01
 -2.55736828e-01 -1.29893035e-01 -2.42748056e-02  4.75189276e-02
 -2.41011977e-01  3.78963977e-01 -6.74059987e-01  3.41774493e-01
 -1.21557496e-01  5.53519130e-01 -4.47248578e-01 -1.68598294e-01
  3.95195127e-01 -4.91952971e-02 -4.26788419e-01 -4.14090097e-01
 -2.03364879e-01  2.09795654e-01  3.88204962e-01 -6.76829159e-01
 -2.19864860e-01  3.54496539e-01 -4.50361013e-01 -2.10239254e-02
  5.21236181e-01  2.84831040e-02  8.04966912e-02  2.86666632e-01
 -8.99264291e-02  1.58280760e-01  5.97535729e-01 -5.80159724e-01
 -2.41445109e-01 -5.60136199e-01 -2.93470304e-02 -3.48329276e-01
  5.56526780e-01  2.30383947e-02  1.48194492e-01  7.26094961e-01
 -4.63306069e-01 -9.25065577e-02  9.19669688e-01  5.36000967e-01
 -1.65137398e+00  2.89298415e-01  6.97310388e-01 -1.96222365e-01
 -2.48253286e-01  5.48110120e-02  1.19285556e-02 -1.02505405e-02
 -2.15799615e-01 -7.55335927e-01  8.92776191e-01  2.45091185e-01
 -2.06558183e-01 -2.45091453e-01  4.92400676e-01  7.27382153e-02
  5.52626327e-02 -4.77321327e-01 -2.58106768e-01  3.70079964e-01
  2.18699321e-01 -1.69243783e-01 -2.95927197e-01 -1.56339571e-01
 -5.49375415e-01  1.43275663e-01 -2.39141226e-01  2.10572466e-01
 -4.81670737e-01  3.63241844e-02  3.82827461e-01  1.13138402e+00
  3.20399702e-01  5.80115676e-01 -3.88420105e-01 -7.16237649e-02
  8.46663177e-01  4.57819790e-01  4.99442339e-01  3.78467560e-01
 -2.81308055e-01 -2.93053031e-01  6.19681478e-01 -5.02775423e-02
 -3.03343028e-01  3.20499182e-01 -1.04893170e-01  2.07846895e-01
 -1.03425182e-01  6.94383830e-02  1.11082636e-01 -1.49621904e-01
  1.32135212e-01  7.33817935e-01  6.12316489e-01  1.74469128e-01
 -9.40590948e-02 -4.33509260e-01  5.79937808e-02 -1.72508448e-01
  2.55798876e-01  4.38544452e-01 -2.90040284e-01 -2.99348027e-01
 -1.93711147e-01 -2.49136806e-01 -2.32577637e-01 -3.40362430e-01
 -4.00767982e-01 -9.23901081e-01 -1.06636667e+00  5.14844134e-02
  3.64310034e-02 -7.81357527e-01  2.97342867e-01  1.25311241e-01
  6.62686706e-01 -4.19278175e-01 -5.31334817e-01  1.36208460e-01
 -4.69912589e-01  4.40434292e-02 -1.70939550e-01  4.09764461e-02
 -2.54860371e-01  2.88720042e-01 -5.70760727e-01 -2.33660102e-01
 -3.97560418e-01 -2.70689547e-01 -4.77144927e-01  8.33981112e-02
  1.56268239e-01  7.86443114e-01  3.29351239e-02  2.74410903e-01
 -8.30293223e-02  1.66195571e-01 -1.35205150e-01 -1.19310774e-01
 -6.01310849e-01  3.27095807e-01  6.02727771e-01  7.36267149e-01
  2.22532064e-01  4.85335290e-01 -1.07432296e-02 -1.67816505e-01
  2.71096110e-01 -2.33207718e-01 -2.86459357e-01 -2.64937460e-01
  5.48817039e-01 -4.61884618e-01  2.98371047e-01 -3.07025105e-01
 -2.51187943e-02  8.15504372e-01 -2.75913030e-01 -6.44754231e-01
  1.93344522e-02  4.44431394e-01  2.74196744e-01  2.01898515e-01
  2.21787766e-01  1.11262667e+00 -1.61107406e-01  6.74714327e-01
  2.07938656e-01 -3.06594729e-01  1.53259989e-02 -2.52609968e-01
  1.08531192e-02  1.80814713e-01  5.40342867e-01  8.98994684e-01
  2.68079460e-01  3.87798011e-01  4.22550350e-01  3.94640565e-02
 -3.09843242e-01 -4.48453352e-02  5.02027273e-01  8.76635760e-02
 -5.82270384e-01  6.71888217e-02 -4.89350617e-01 -3.11073989e-01
 -3.76003265e-01 -1.52919888e-01  2.54867524e-01 -1.87409982e-01
  4.83119279e-01 -4.07314867e-01 -6.55646503e-01 -4.32575643e-01
 -7.92497277e-01  1.22521192e-01 -1.23758957e-01  2.85037518e-01
  5.57697177e-01  5.66789687e-01  1.51675284e-01  7.97831640e-02
  3.05660993e-01  7.30963707e-01  2.39923492e-01 -1.62907496e-01
 -1.68818742e-01  3.58493179e-01  1.53902203e-01  4.34617549e-01
  2.28625417e-01  6.95969686e-02 -3.13285530e-01 -5.33015549e-01
 -3.97986710e-01  1.47943035e-01  1.00019462e-02 -3.02755665e-02
  3.52582216e-01  2.73273457e-02 -1.54553518e-01 -5.19303083e-01
 -2.44539768e-01 -3.31824273e-01 -1.69063598e-01 -7.04006612e-01
 -1.21840023e-01 -5.30770898e-01  1.14736691e-01  4.09819782e-01
  4.93195772e-01 -5.63853145e-01  1.66293547e-01  3.00701708e-01
  1.20490536e-01 -1.54460818e-02  1.16325922e-01 -7.11223111e-02
 -2.87986457e-01 -6.43923953e-02  9.23106298e-02 -8.17050263e-02
  6.59828961e-01  1.59188434e-01 -5.55954158e-01 -2.43936986e-01
  1.15936778e-01 -9.04175043e-01  4.33933824e-01 -1.37775674e-01
  1.39560133e-01 -6.94661975e-01  1.77638426e-01  5.66961803e-02
  2.87550706e-02 -2.34372467e-01  1.43907323e-01  1.38518408e-01
 -7.58113921e-01  3.10334802e-01 -1.81319714e-01 -3.84622782e-01
  7.97916114e-01  5.46773851e-01 -1.85301051e-01  2.61838198e-01
  5.00708103e-01  6.13263138e-02 -4.15486455e-01  3.24717611e-01
 -1.60925969e-01  1.05415650e-01  3.04943383e-01 -1.88915536e-01
  5.68400979e-01  1.68301255e-01  1.19882308e-01  1.03814043e-01
  3.48907083e-01  6.84636235e-01  4.38413203e-01  2.53433138e-01
 -1.55607834e-01 -4.70798522e-01 -7.94094026e-01  3.76302749e-02
  2.78303146e-01  5.75215876e-01 -3.88453275e-01  5.00085056e-01
  6.70906901e-01 -2.61370316e-02  3.63673955e-01  9.21187937e-01
  1.95423767e-01  4.20796484e-01 -4.99180734e-01  6.07120134e-02
 -9.31693137e-01  4.19819355e-01  3.13179880e-01 -9.41114202e-02
 -1.07177213e-01  1.38800368e-01 -5.11286616e-01 -4.66663241e-01
  1.72097191e-01 -1.05628192e-01 -1.70082480e-01 -2.41322935e-01
  6.42610252e-01 -1.10959895e-01  9.40922022e-01  3.93224031e-01
  1.11649428e-02 -4.84756917e-01  1.63169324e-01 -1.47922978e-01
  6.43826902e-01  5.49303964e-02  4.04966950e-01 -2.15639636e-01
 -1.03778875e+00 -4.04413819e-01  2.61354953e-01  2.08905756e-01
  2.86806047e-01 -5.07086396e-01 -3.62063153e-03  4.51601774e-01
  5.59650540e-01  2.33726546e-01 -1.10181369e-01 -4.99156475e-01
  6.02733493e-02 -1.41714185e-01 -2.06763536e-01  3.99964780e-01
  8.63533318e-02  3.39435160e-01  3.76995921e-01 -1.77013367e-01
  8.54547098e-02  4.84107405e-01  1.96362540e-01 -1.33794844e-01
  6.52293503e-01  5.57423271e-02 -1.15380608e-01  6.89100772e-02
  2.01813541e-02 -2.67379105e-01  1.12823248e-02  6.30568624e-01
 -9.38891470e-02 -1.80415940e-02 -5.15584350e-01  3.14987510e-01
 -3.19119431e-02  1.47030190e-01 -4.01001453e-01 -4.66903061e-01
  2.83106536e-01  2.52689123e-01 -3.53933305e-01  2.24920940e-02
 -2.45350897e-01 -2.29598999e-01 -3.57043922e-01 -3.35031182e-01
 -5.43241918e-01 -1.94483936e-01 -3.95304978e-01  4.29940641e-01
 -7.70074725e-01 -5.16545594e-01  4.46759880e-01 -1.45376548e-01
 -1.55776113e-01 -1.12323403e+00  6.05643272e-01 -4.00147796e-01
  6.36294961e-01 -1.85506940e-01 -9.61032361e-02  1.83214974e-02
 -3.13865632e-01 -3.22945774e-01 -5.74643850e-01  4.83222187e-01
 -1.02312622e+01 -1.53170988e-01 -2.06183270e-01 -6.94933414e-01
 -3.92779797e-01 -1.07496738e-01  1.08158612e+00  1.50632700e-02
 -5.57699800e-01  1.20039679e-01 -2.45275140e-01  1.35550335e-01
  5.34533679e-01  3.76105100e-01 -7.03593642e-02 -3.01707648e-02
 -1.40226766e-01 -5.82136810e-01 -3.43775511e-01 -1.21521324e-01
 -7.73715600e-02 -1.95056483e-01  6.71905637e-01 -4.01544832e-02
  7.59009197e-02 -3.98200870e-01 -1.59837261e-01  2.66551733e-01
  1.22852407e-01  4.76531118e-01 -2.14640051e-01  8.28400373e-01
 -1.77804306e-01  6.64553940e-02 -1.84410334e-01 -2.97167152e-02
 -2.54587047e-02  4.63637054e-01 -1.10334717e-01  4.90783155e-01
  3.83713841e-01  3.58788252e-01  1.40073374e-01  4.72070165e-02
  3.78129005e-01  4.28333610e-01  1.36748672e-01  3.20807397e-01
  7.62167990e-01 -7.51866400e-02  4.96974945e-01 -7.55950093e-01
  3.25058818e-01  6.83932751e-02 -4.67355758e-01  4.09008339e-02
  9.32538629e-01 -5.53281605e-01  4.71072271e-03  2.53292948e-01
  3.74016225e-01 -4.09752391e-02  1.16638350e+00  4.04410571e-01
 -2.60072678e-01  3.02253067e-01  1.11051150e-01  1.22262955e-01
 -4.74618435e-01 -4.05456990e-01  3.80825192e-01  1.47620821e-02
  1.46137968e-01  3.14544082e-01 -3.71834219e-01 -8.59000683e-02
 -2.63521336e-02  2.05508903e-01  3.81883562e-01 -6.79506063e-02
  8.54203880e-01  2.12811939e-02 -4.13789153e-01  4.24296439e-01
 -5.25970340e-01  1.24857441e-01  1.41605467e-01 -7.15519413e-02
  5.41422784e-01 -6.79489851e-01  7.72998869e-01 -3.00903887e-01
 -3.18955958e-01  7.00099707e-01  3.12905520e-01 -5.65515816e-01
  3.17841887e-01  1.30851224e-01  8.86329114e-02 -2.18677804e-01]"
タ,"[-2.99661551e-02  2.35579774e-01  2.16267854e-01 -4.62301165e-01
  1.46502957e-01  1.59057260e-01  4.88843143e-01  3.43817882e-02
  2.31429592e-01 -4.75955218e-01  9.65501428e-01  1.44587487e-01
 -3.04416180e-01  2.18970031e-01  5.76633871e-01 -7.43149146e-02
  1.22966498e-01 -2.05837458e-01  3.06487232e-01 -6.46916866e-01
 -4.75787103e-01 -4.26514417e-01 -3.73811781e-01  3.08984555e-02
  1.09216664e-02 -2.93104202e-01 -3.61434907e-01 -5.65030053e-02
  3.21628079e-02 -3.50589812e-01 -1.99837789e-01 -4.79252517e-01
 -1.99252479e-02  6.12472259e-02 -1.20409250e-01  6.15912259e-01
  1.48660764e-01 -7.46806189e-02 -2.11993039e-01 -2.97742337e-01
  1.13387346e-01 -1.35826588e-01 -6.36355281e-01 -4.45344567e-01
 -2.16307081e-02  6.85872316e-01  2.61787891e-01  1.03010170e-01
  2.79183775e-01  4.58381362e-02 -3.35032940e-01  5.32670803e-02
  1.20524228e-01 -1.07789263e-01 -1.40848160e-01  2.16222078e-01
  2.49952212e-01 -2.18029901e-01  1.12820625e-01  5.73501959e-02
 -7.49453455e-02 -1.90446988e-01  1.85510695e-01 -2.76439339e-01
 -1.08943269e-01 -2.89292574e-01 -1.85147242e-03 -1.42507613e-01
  3.78167368e-02 -5.24221301e-01  1.77446336e-01  5.51392175e-02
  1.34303674e-01 -2.22959772e-01  5.37544012e-01 -6.02257848e-01
  1.93570793e-01 -5.20524643e-02  5.09709895e-01 -1.05174385e-01
 -8.81144702e-02  3.53035271e-01 -1.23251960e-01 -1.02641988e+00
  2.46412903e-01  6.85964823e-02 -4.19943005e-01 -6.87328100e-01
  4.39353973e-01 -2.58307606e-01  1.43659532e-01 -1.16709851e-01
  1.21523656e-01  2.03724787e-01 -1.73979446e-01 -3.89984041e-01
  1.05054297e-01 -4.06380087e-01 -2.28427779e-02  9.06861573e-02
 -1.99103817e-01 -1.66494742e-01  2.53965884e-01 -8.31622109e-02
 -2.95609951e-01  7.66281486e-02 -1.89088240e-01  2.16593280e-01
 -1.05295256e-02  1.92863315e-01 -2.46624053e-01 -7.36581922e-01
 -6.68454885e-01  1.53523594e-01  1.62854731e-01  1.69706754e-02
 -4.62951362e-01  3.33336711e-01 -2.92251855e-01  3.58274668e-01
  3.38005960e-01  4.42474961e-01 -2.91267037e-01 -3.03502560e-01
 -3.53537560e-01  3.23735535e-01  2.82929122e-01 -9.15389434e-02
 -1.75312623e-01 -4.67682272e-01  1.64385363e-01  1.34649038e-01
 -4.42312837e-01  9.67956036e-02 -1.39187291e-01  6.48608625e-01
 -3.97078618e-02 -1.59846812e-01 -2.53886968e-01 -6.38386071e-01
  7.89156705e-02 -8.54528099e-02  2.54754603e-01  9.89833549e-02
 -3.24334204e-01  1.43080607e-01 -2.32915238e-01 -3.56462330e-01
  1.02784388e-01  2.76890486e-01 -3.18893880e-01  8.76443386e-01
 -2.85117447e-01  6.30542263e-02  5.69943249e-01  3.91576618e-01
 -3.98441225e-01  2.92969435e-01  2.51048923e-01  3.46937567e-01
  4.38345283e-01 -2.63639092e-01  1.75802618e-01  6.37234390e-01
  6.20617568e-02  4.89996850e-01  2.63442606e-01  1.88494578e-01
  1.00585274e-01  5.90886295e-01  5.55005610e-01  7.33949602e-01
  3.01001310e-01 -3.43335152e-01  5.00806533e-02  2.68896341e-01
  4.46986854e-01  2.31619105e-01  3.13695908e-01 -5.93590736e-01
 -6.11111848e-03 -2.24852040e-01  2.15833895e-02 -6.38685599e-02
  2.72835732e-01 -3.05014640e-01 -1.88641906e-01  4.10682037e-02
 -1.33700579e-01 -1.17594734e-01  1.64533272e-01 -3.79234791e-01
 -1.36827324e-02 -4.53405052e-01 -1.51211515e-01 -7.35498369e-01
  2.08937928e-01 -2.01926902e-01 -1.95111409e-01  6.64365649e-01
 -8.06749389e-02  1.93651304e-01 -1.68233156e-01 -5.78627706e-01
 -8.63688767e-01 -5.78569829e-01 -1.07736632e-01  7.04155922e-01
  5.88181317e-01 -7.45659769e-02  1.79060221e-01  5.25111556e-01
  2.50659406e-01  4.12462294e-01  1.57410830e-01  3.48495960e-01
 -3.53809148e-01 -4.02734399e-01  5.56166053e-01 -3.23269120e-03
 -5.00005744e-02 -5.67764267e-02  5.39637566e-01  2.04771265e-01
 -2.07519755e-01  5.01338005e-01  2.38741606e-01  1.70733929e-01
  6.99376762e-02  7.66363382e-01  1.18161114e-02 -5.86142182e-01
 -8.61167014e-01 -1.38440445e-01 -6.18503392e-01  2.19616920e-01
 -4.59072590e-01  6.19849443e-01 -4.46947105e-03  2.17116296e-01
  3.87898088e-01 -2.12497994e-01  1.40855059e-01 -7.15549588e-01
 -2.68750787e-01 -6.20127320e-02  1.47290947e-02 -8.14034939e-02
 -1.75518453e-01  2.29930595e-01 -6.10323489e-01 -6.31057501e-01
  1.71859533e-01 -4.53166574e-01  7.35765338e-01  2.59308606e-01
  1.98752582e-01 -1.23523995e-01  3.81315440e-01  5.03578298e-02
 -1.35161996e-01 -7.68967330e-01  3.92617434e-01 -6.43246844e-02
 -4.20342356e-01 -2.33181566e-02 -8.91819522e-02 -5.95490873e-01
 -4.39379811e-01 -3.94754142e-01 -1.84425384e-01 -3.75927567e-01
 -5.30730367e-01  2.09036112e-01 -1.57520652e-01  7.15329424e-02
 -1.29061699e-01  4.82911676e-01 -4.35601532e-01  2.91576117e-01
 -7.29819953e-01  3.35105658e-01 -6.40949190e-01 -9.48633403e-02
 -6.31974414e-02 -3.41346890e-01 -4.44250852e-01 -3.95514250e-01
 -1.38266921e-01  5.76125264e-01  2.62405366e-01 -1.72705904e-01
 -5.69435418e-01  1.49088740e-01 -2.58043766e-01  1.36819229e-01
  4.62164849e-01  1.36330351e-01 -1.63418509e-03  3.11880618e-01
  4.15723115e-01 -1.28348678e-01  2.41879076e-02 -1.07980743e-01
 -1.69175193e-02 -8.13083231e-01 -6.53277189e-02 -1.74520656e-01
  3.46210748e-01 -3.70300412e-01 -1.86801478e-01  6.85641587e-01
 -4.23173457e-01  5.92816889e-01  1.72281384e-01  2.52265394e-01
 -1.44581926e+00  3.85023117e-01  1.90219432e-01  2.97844350e-01
  8.77886042e-02  1.45401657e-01  1.11027993e-01 -5.74938990e-02
 -6.78434014e-01 -7.60268331e-01  7.41028190e-01  4.46878314e-01
 -2.33668759e-01  2.00399145e-01  4.54014122e-01 -1.06233016e-01
  2.08326623e-01 -2.76969552e-01 -3.36054385e-01  3.22804064e-01
  4.57792461e-01 -4.67718914e-02  2.76760478e-03 -4.14963007e-01
 -6.25007808e-01  5.21641970e-01  1.65115684e-01 -3.09191048e-02
 -8.05808425e-01 -3.20819281e-02  5.92415571e-01  8.43997777e-01
  3.92516553e-01  6.69855714e-01  2.77556330e-01 -3.47468078e-01
  5.76897085e-01  5.22862792e-01  4.86821592e-01  3.57853249e-02
  1.69018611e-01 -3.01421285e-01  4.69983786e-01  2.59584159e-01
 -1.95665166e-01 -5.30209802e-02  3.26360971e-01  3.86536181e-01
 -4.39108610e-01 -8.63753352e-03  6.73512280e-01 -5.43981791e-02
  3.62797439e-01  5.08806467e-01  8.52006793e-01  9.19913948e-02
 -1.24715783e-01 -4.45874661e-01  3.89481150e-02 -4.72150475e-01
 -4.64070290e-02  2.49437928e-01  6.43545926e-01  1.80078059e-01
 -3.93484175e-01 -4.67068553e-01 -3.88526499e-01 -4.55216765e-01
  2.36079320e-01 -3.04135948e-01 -5.05308151e-01  1.08156547e-01
 -3.48840982e-01 -2.52555817e-01  5.02934605e-02  2.95357853e-01
  4.80964005e-01 -4.88614053e-01 -2.77517438e-01  1.84798762e-01
 -1.73088774e-01 -9.53997746e-02  1.68650150e-01  6.75341263e-02
 -2.79203564e-01 -3.37671582e-03 -3.07510078e-01 -4.16349381e-01
 -1.23659872e-01 -1.28648296e-01 -7.28284359e-01  3.61377001e-01
 -3.37164178e-02  3.18481117e-01 -1.11765340e-01  2.12363601e-01
 -5.79021797e-02 -6.12405641e-03 -6.83400095e-01  2.51117557e-01
 -5.14046490e-01  5.09802341e-01  2.02501014e-01  3.70196730e-01
  2.70219278e-02  2.29741096e-01 -1.73004437e-02  2.23613024e-01
 -5.74088037e-01  1.03956148e-01 -3.94132435e-01 -1.11431397e-01
  5.26212454e-01 -6.53336525e-01  3.76909375e-01  1.18666455e-01
 -5.49459457e-01  7.20542371e-01 -3.26295465e-01  2.80928705e-02
 -1.27219662e-01  3.66679519e-01 -4.74165112e-01  1.33520305e-01
  5.62403500e-01  8.15480411e-01 -3.18196118e-01  4.57316011e-01
  2.00192392e-01 -1.78305805e-01  5.11981130e-01 -3.31428885e-01
  4.66658995e-02  6.66111999e-04  9.05242860e-02  4.37036812e-01
  1.26744494e-01  4.23158169e-01  2.31924251e-01 -5.15421033e-02
  2.10968688e-01  1.31144881e-01  3.46457288e-02  2.26193637e-01
 -4.26744789e-01 -5.13709113e-02 -1.42823681e-02 -1.93165302e-01
  1.01279892e-01 -5.32419123e-02  6.21730506e-01  2.30820462e-01
  3.73899966e-01 -3.55054617e-01 -5.41763544e-01 -3.83245200e-01
 -9.60799813e-01  1.31556511e-01 -7.90663213e-02 -1.63276196e-02
  6.90846264e-01  5.88578545e-02 -7.22112656e-01  2.35836729e-01
  2.72128489e-02  2.91976184e-01  4.03083205e-01 -2.15442598e-01
  7.09559470e-02  3.98972124e-01 -1.26126707e-01  1.62863761e-01
  1.12107601e-02 -3.19076516e-02 -1.29413649e-01 -7.25190401e-01
 -7.46306777e-02  9.69066843e-03 -1.38259888e-01  4.86339219e-02
 -4.86963317e-02  5.17931938e-01 -3.24877322e-01 -4.77065593e-01
 -2.66946048e-01 -9.78841260e-02 -1.59749001e-01 -5.27204216e-01
 -8.82906318e-02 -2.66705990e-01 -3.70777920e-02  5.53722858e-01
  1.26212314e-01 -1.79925904e-01  3.51804793e-01  8.11239600e-01
  3.29001725e-01 -2.76133955e-01 -1.77328452e-01  2.83513945e-02
 -2.39449125e-02  1.81579497e-02  3.36701691e-01  1.05576985e-01
 -5.92071339e-02 -2.49660667e-02 -6.41791821e-01 -3.77359599e-01
 -4.98495139e-02 -1.00686407e+00  7.86765099e-01  1.42199829e-01
  3.27162951e-01 -5.91947615e-01 -4.25616086e-01 -5.56285195e-02
 -9.50140357e-02  6.57174364e-02  3.92176419e-01  2.68515050e-01
 -4.43358719e-01 -1.54498905e-01 -6.50962949e-01 -7.22716451e-01
  2.66091764e-01  5.06580889e-01 -4.47363377e-01  7.18003884e-02
  3.01400125e-01  9.06874165e-02 -8.54358301e-02 -1.14973076e-01
 -2.02326894e-01 -3.82802844e-01  3.16183567e-01  3.47123623e-01
  2.67594904e-01  3.91975075e-01  1.17510473e-02  3.49306107e-01
  4.06838328e-01  6.52106583e-01  6.77609265e-01  2.06728265e-01
 -2.95980304e-01 -3.38719860e-02 -3.01791042e-01  2.97948092e-01
  3.51940691e-01 -6.79865256e-02 -8.16438615e-01  1.29637510e-01
  3.59595239e-01 -4.22446281e-01  3.53436232e-01  4.15180892e-01
  4.23547804e-01  5.95414937e-01 -3.82038802e-01 -7.82274976e-02
 -7.61259735e-01  1.75590232e-01  1.18746981e-01  2.82905460e-03
 -3.04479867e-01  3.16141918e-02  9.14571509e-02 -4.56850737e-01
 -2.21329153e-01  2.10730210e-01  2.45994300e-01  1.57623172e-01
  3.49374592e-01 -4.12948579e-01  5.97092390e-01  4.30367559e-01
 -2.68079549e-01 -2.92229682e-01 -1.48793817e-01  2.31118336e-01
  4.30457860e-01  1.59084797e-01  3.57093871e-01 -3.77342790e-01
 -8.44543278e-01 -2.18009446e-02 -1.30999135e-02  2.65737385e-01
  7.06270576e-01 -8.16599965e-01 -4.97601070e-02  5.13370395e-01
  8.08049083e-01 -5.22131585e-02 -2.97910810e-01 -5.25259852e-01
 -1.88427538e-01 -1.35287687e-01 -3.31186384e-01  3.62425178e-01
  4.46477719e-02  5.87640524e-01 -3.18144932e-02 -1.16054967e-01
 -1.95367426e-01  8.12337279e-01  4.07300919e-01  6.72218297e-03
  2.08169505e-01  3.49424258e-02 -4.43483621e-01 -7.18753934e-02
  2.72153318e-01 -3.70367467e-01 -1.54869959e-01  1.74514607e-01
 -3.93838197e-01 -1.14709832e-01 -1.86655268e-01 -5.02172261e-02
  3.51100236e-01 -1.54087305e-01 -4.24016178e-01 -3.41828108e-01
 -5.34637272e-02  3.64018321e-01 -8.19524467e-01 -1.77215248e-01
 -2.28437096e-01  1.85579330e-01  4.22203019e-02 -1.65699080e-01
 -4.80414540e-01 -5.62826455e-01 -4.52997953e-01  1.40648350e-01
  1.40121818e-01 -4.81932133e-01  4.71815914e-01  1.96079716e-01
 -1.48388878e-01 -1.19142509e+00  4.96811807e-01  1.02793932e-01
  7.11098373e-01 -2.55843937e-01  3.21620345e-01 -1.03126299e-02
  1.24622777e-01 -1.62571281e-01 -4.50742304e-01  6.66210949e-01
 -1.04435930e+01 -3.57222646e-01 -5.08106053e-01 -1.70224175e-01
 -3.90432179e-01  4.77056652e-01  1.89552546e-01  4.22308922e-01
 -4.48839180e-03 -6.46698475e-02  6.86290264e-02  1.07366987e-01
  1.40162811e-01  1.49776787e-01 -2.20811665e-01 -7.43995681e-02
 -3.73730332e-01 -2.49499276e-01 -6.55974090e-01 -6.84830919e-02
  1.96705148e-01 -3.56589913e-01  2.96620339e-01  3.35487694e-01
  1.99687496e-01  7.04082847e-02  3.58760089e-01  5.80973513e-02
 -3.10387552e-01  5.27437508e-01 -9.37580168e-02  2.01940879e-01
 -1.02422178e-01  2.93562889e-01 -5.40420711e-01  2.52985451e-02
  9.93592367e-02 -1.66584421e-02 -2.29644433e-01  5.84807038e-01
  2.08952114e-01  4.40937787e-01  3.92607786e-02 -2.71267653e-01
  3.37653905e-01  3.44211668e-01  2.34188393e-01 -8.45958963e-02
  4.30568844e-01  7.24609494e-02  8.71606618e-02 -1.99142188e-01
 -1.00829452e-01  3.45502868e-02  1.31053835e-01 -3.51088084e-02
  3.42283726e-01 -8.66864383e-01 -1.78458676e-01 -9.74012390e-02
  2.31044665e-01  8.35519806e-02  1.22753024e+00  3.87448698e-01
  5.01337796e-02  2.66884863e-01  2.13528678e-01  2.18898375e-02
 -4.01895314e-01 -3.08612972e-01  4.91428465e-01  2.12013632e-01
 -2.32747510e-01  1.83431536e-01 -8.17566887e-02  5.74736416e-01
  3.35067958e-01  1.57740995e-01  2.36426964e-01  1.89588703e-02
  5.00497401e-01  1.82547957e-01  5.91266863e-02  2.70417303e-01
 -7.46211171e-01  2.68312404e-03  3.72308880e-01  1.89852014e-01
  4.80819434e-01 -5.40397644e-01  6.07325137e-01 -3.68746966e-01
 -2.22947985e-01  4.32999194e-01  3.82213861e-01  5.22193760e-02
  4.58044559e-02  1.62065029e-01  4.00699943e-01 -5.65884411e-02]"
